body,email,id,name,postId,title,userId
"quia et suscipit
suscipit recusandae consequuntur expedita et cum
reprehenderit molestiae ut ut quas totam
nostrum rerum est autem sunt rem eveniet architecto",,1,,,sunt aut facere repellat provident occaecati excepturi optio reprehenderit,1
"est rerum tempore vitae
sequi sint nihil reprehenderit dolor beatae ea dolores neque
fugiat blanditiis voluptate porro vel nihil molestiae ut reiciendis
qui aperiam non debitis possimus qui neque nisi nulla",,2,,,qui est esse,1
"et iusto sed quo iure
voluptatem occaecati omnis eligendi aut ad
voluptatem doloribus vel accusantium quis pariatur
molestiae porro eius odio et labore et velit aut",,3,,,ea molestias quasi exercitationem repellat qui ipsa sit aut,1
"ullam et saepe reiciendis voluptatem adipisci
sit amet autem assumenda provident rerum culpa
quis hic commodi nesciunt rem tenetur doloremque ipsam iure
quis sunt voluptatem rerum illo velit",,4,,,eum et est occaecati,1
"repudiandae veniam quaerat sunt sed
alias aut fugiat sit autem sed est
voluptatem omnis possimus esse voluptatibus quis
est aut tenetur dolor neque",,5,,,nesciunt quas odio,1
"ut aspernatur corporis harum nihil quis provident sequi
mollitia nobis aliquid molestiae
perspiciatis et ea nemo ab reprehenderit accusantium quas
voluptate dolores velit et doloremque molestiae",,6,,,dolorem eum magni eos aperiam quia,1
"dolore placeat quibusdam ea quo vitae
magni quis enim qui quis quo nemo aut saepe
quidem repellat excepturi ut quia
sunt ut sequi eos ea sed quas",,7,,,magnam facilis autem,1
"dignissimos aperiam dolorem qui eum
facilis quibusdam animi sint suscipit qui sint possimus cum
quaerat magni maiores excepturi
ipsam ut commodi dolor voluptatum modi aut vitae",,8,,,dolorem dolore est ipsam,1
"consectetur animi nesciunt iure dolore
enim quia ad
veniam autem ut quam aut nobis
et est aut quod aut provident voluptas autem voluptas",,9,,,nesciunt iure omnis dolorem tempora et accusantium,1
"quo et expedita modi cum officia vel magni
doloribus qui repudiandae
vero nisi sit
quos veniam quod sed accusamus veritatis error",,10,,,optio molestias id quia eum,1
"delectus reiciendis molestiae occaecati non minima eveniet qui voluptatibus
accusamus in eum beatae sit
vel qui neque voluptates ut commodi qui incidunt
ut animi commodi",,11,,,et ea vero quia laudantium autem,2
"itaque id aut magnam
praesentium quia et ea odit et ea voluptas et
sapiente quia nihil amet occaecati quia id voluptatem
incidunt ea est distinctio odio",,12,,,in quibusdam tempore odit est dolorem,2
"aut dicta possimus sint mollitia voluptas commodi quo doloremque
iste corrupti reiciendis voluptatem eius rerum
sit cumque quod eligendi laborum minima
perferendis recusandae assumenda consectetur porro architecto ipsum ipsam",,13,,,dolorum ut in voluptas mollitia et saepe quo animi,2
"fuga et accusamus dolorum perferendis illo voluptas
non doloremque neque facere
ad qui dolorum molestiae beatae
sed aut voluptas totam sit illum",,14,,,voluptatem eligendi optio,2
"reprehenderit quos placeat
velit minima officia dolores impedit repudiandae molestiae nam
voluptas recusandae quis delectus
officiis harum fugiat vitae",,15,,,eveniet quod temporibus,2
"suscipit nam nisi quo aperiam aut
asperiores eos fugit maiores voluptatibus quia
voluptatem quis ullam qui in alias quia est
consequatur magni mollitia accusamus ea nisi voluptate dicta",,16,,,sint suscipit perspiciatis velit dolorum rerum ipsa laboriosam odio,2
"eos voluptas et aut odit natus earum
aspernatur fuga molestiae ullam
deserunt ratione qui eos
qui nihil ratione nemo velit ut aut id quo",,17,,,fugit voluptas sed molestias voluptatem provident,2
"eveniet quo quis
laborum totam consequatur non dolor
ut et est repudiandae
est voluptatem vel debitis et magnam",,18,,,voluptate et itaque vero tempora molestiae,2
"illum quis cupiditate provident sit magnam
ea sed aut omnis
veniam maiores ullam consequatur atque
adipisci quo iste expedita sit quos voluptas",,19,,,adipisci placeat illum aut reiciendis qui,2
"qui consequuntur ducimus possimus quisquam amet similique
suscipit porro ipsam amet
eos veritatis officiis exercitationem vel fugit aut necessitatibus totam
omnis rerum consequatur expedita quidem cumque explicabo",,20,,,doloribus ad provident suscipit at,2
"repellat aliquid praesentium dolorem quo
sed totam minus non itaque
nihil labore molestiae sunt dolor eveniet hic recusandae veniam
tempora et tenetur expedita sunt",,21,,,asperiores ea ipsam voluptatibus modi minima quia sint,3
"eos qui et ipsum ipsam suscipit aut
sed omnis non odio
expedita earum mollitia molestiae aut atque rem suscipit
nam impedit esse",,22,,,dolor sint quo a velit explicabo quia nam,3
"veritatis unde neque eligendi
quae quod architecto quo neque vitae
est illo sit tempora doloremque fugit quod
et et vel beatae sequi ullam sed tenetur perspiciatis",,23,,,maxime id vitae nihil numquam,3
"enim et ex nulla
omnis voluptas quia qui
voluptatem consequatur numquam aliquam sunt
totam recusandae id dignissimos aut sed asperiores deserunt",,24,,,autem hic labore sunt dolores incidunt,3
"ullam consequatur ut
omnis quis sit vel consequuntur
ipsa eligendi ipsum molestiae et omnis error nostrum
molestiae illo tempore quia et distinctio",,25,,,rem alias distinctio quo quis,3
"similique esse doloribus nihil accusamus
omnis dolorem fuga consequuntur reprehenderit fugit recusandae temporibus
perspiciatis cum ut laudantium
omnis aut molestiae vel vero",,26,,,est et quae odit qui non,3
"eum sed dolores ipsam sint possimus debitis occaecati
debitis qui qui et
ut placeat enim earum aut odit facilis
consequatur suscipit necessitatibus rerum sed inventore temporibus consequatur",,27,,,quasi id et eos tenetur aut quo autem,3
"non et quaerat ex quae ad maiores
maiores recusandae totam aut blanditiis mollitia quas illo
ut voluptatibus voluptatem
similique nostrum eum",,28,,,delectus ullam et corporis nulla voluptas sequi,3
"odit magnam ut saepe sed non qui
tempora atque nihil
accusamus illum doloribus illo dolor
eligendi repudiandae odit magni similique sed cum maiores",,29,,,iusto eius quod necessitatibus culpa ea,3
"alias dolor cumque
impedit blanditiis non eveniet odio maxime
blanditiis amet eius quis tempora quia autem rem
a provident perspiciatis quia",,30,,,a quo magni similique perferendis,3
"debitis eius sed quibusdam non quis consectetur vitae
impedit ut qui consequatur sed aut in
quidem sit nostrum et maiores adipisci atque
quaerat voluptatem adipisci repudiandae",,31,,,ullam ut quidem id aut vel consequuntur,4
"deserunt eos nobis asperiores et hic
est debitis repellat molestiae optio
nihil ratione ut eos beatae quibusdam distinctio maiores
earum voluptates et aut adipisci ea maiores voluptas maxime",,32,,,doloremque illum aliquid sunt,4
"rerum ut et numquam laborum odit est sit
id qui sint in
quasi tenetur tempore aperiam et quaerat qui in
rerum officiis sequi cumque quod",,33,,,qui explicabo molestiae dolorem,4
"ea velit perferendis earum ut voluptatem voluptate itaque iusto
totam pariatur in
nemo voluptatem voluptatem autem magni tempora minima in
est distinctio qui assumenda accusamus dignissimos officia nesciunt nobis",,34,,,magnam ut rerum iure,4
"nisi error delectus possimus ut eligendi vitae
placeat eos harum cupiditate facilis reprehenderit voluptatem beatae
modi ducimus quo illum voluptas eligendi
et nobis quia fugit",,35,,,id nihil consequatur molestias animi provident,4
"ad mollitia et omnis minus architecto odit
voluptas doloremque maxime aut non ipsa qui alias veniam
blanditiis culpa aut quia nihil cumque facere et occaecati
qui aspernatur quia eaque ut aperiam inventore",,36,,,fuga nam accusamus voluptas reiciendis itaque,4
"debitis et eaque non officia sed nesciunt pariatur vel
voluptatem iste vero et ea
numquam aut expedita ipsum nulla in
voluptates omnis consequatur aut enim officiis in quam qui",,37,,,provident vel ut sit ratione est,4
"animi esse sit aut sit nesciunt assumenda eum voluptas
quia voluptatibus provident quia necessitatibus ea
rerum repudiandae quia voluptatem delectus fugit aut id quia
ratione optio eos iusto veniam iure",,38,,,explicabo et eos deleniti nostrum ab id repellendus,4
"corporis rerum ducimus vel eum accusantium
maxime aspernatur a porro possimus iste omnis
est in deleniti asperiores fuga aut
voluptas sapiente vel dolore minus voluptatem incidunt ex",,39,,,eos dolorem iste accusantium est eaque quam,4
"ut voluptatum aliquid illo tenetur nemo sequi quo facilis
ipsum rem optio mollitia quas
voluptatem eum voluptas qui
unde omnis voluptatem iure quasi maxime voluptas nam",,40,,,enim quo cumque,4
"molestias id nostrum
excepturi molestiae dolore omnis repellendus quaerat saepe
consectetur iste quaerat tenetur asperiores accusamus ex ut
nam quidem est ducimus sunt debitis saepe",,41,,,non est facere,5
"odio fugit voluptatum ducimus earum autem est incidunt voluptatem
odit reiciendis aliquam sunt sequi nulla dolorem
non facere repellendus voluptates quia
ratione harum vitae ut",,42,,,commodi ullam sint et excepturi error explicabo praesentium voluptas,5
"similique fugit est
illum et dolorum harum et voluptate eaque quidem
exercitationem quos nam commodi possimus cum odio nihil nulla
dolorum exercitationem magnam ex et a et distinctio debitis",,43,,,eligendi iste nostrum consequuntur adipisci praesentium sit beatae perferendis,5
"temporibus est consectetur dolore
et libero debitis vel velit laboriosam quia
ipsum quibusdam qui itaque fuga rem aut
ea et iure quam sed maxime ut distinctio quae",,44,,,optio dolor molestias sit,5
"est natus reiciendis nihil possimus aut provident
ex et dolor
repellat pariatur est
nobis rerum repellendus dolorem autem",,45,,,ut numquam possimus omnis eius suscipit laudantium iure,5
"voluptatem quisquam iste
voluptatibus natus officiis facilis dolorem
quis quas ipsam
vel et voluptatum in aliquid",,46,,,aut quo modi neque nostrum ducimus,5
"voluptatem assumenda ut qui ut cupiditate aut impedit veniam
occaecati nemo illum voluptatem laudantium
molestiae beatae rerum ea iure soluta nostrum
eligendi et voluptate",,47,,,quibusdam cumque rem aut deserunt,5
"voluptates quo voluptatem facilis iure occaecati
vel assumenda rerum officia et
illum perspiciatis ab deleniti
laudantium repellat ad ut et autem reprehenderit",,48,,,ut voluptatem illum ea doloribus itaque eos,5
"inventore ab sint
natus fugit id nulla sequi architecto nihil quaerat
eos tenetur in in eum veritatis non
quibusdam officiis aspernatur cumque aut commodi aut",,49,,,laborum non sunt aut ut assumenda perspiciatis voluptas,5
"error suscipit maxime adipisci consequuntur recusandae
voluptas eligendi et est et voluptates
quia distinctio ab amet quaerat molestiae et vitae
adipisci impedit sequi nesciunt quis consectetur",,50,,,repellendus qui recusandae incidunt voluptates tenetur qui omnis exercitationem,5
"sunt dolores aut doloribus
dolore doloribus voluptates tempora et
doloremque et quo
cum asperiores sit consectetur dolorem",,51,,,soluta aliquam aperiam consequatur illo quis voluptas,6
"iusto est quibusdam fuga quas quaerat molestias
a enim ut sit accusamus enim
temporibus iusto accusantium provident architecto
soluta esse reprehenderit qui laborum",,52,,,qui enim et consequuntur quia animi quis voluptate quibusdam,6
"minima harum praesentium eum rerum illo dolore
quasi exercitationem rerum nam
porro quis neque quo
consequatur minus dolor quidem veritatis sunt non explicabo similique",,53,,,ut quo aut ducimus alias,6
"totam corporis dignissimos
vitae dolorem ut occaecati accusamus
ex velit deserunt
et exercitationem vero incidunt corrupti mollitia",,54,,,sit asperiores ipsam eveniet odio non quia,6
"debitis excepturi ea perferendis harum libero optio
eos accusamus cum fuga ut sapiente repudiandae
et ut incidunt omnis molestiae
nihil ut eum odit",,55,,,sit vel voluptatem et non libero,6
"aut est omnis dolores
neque rerum quod ea rerum velit pariatur beatae excepturi
et provident voluptas corrupti
corporis harum reprehenderit dolores eligendi",,56,,,qui et at rerum necessitatibus,6
"at pariatur consequuntur earum quidem
quo est laudantium soluta voluptatem
qui ullam et est
et cum voluptas voluptatum repellat est",,57,,,sed ab est est,6
"veniam voluptatum quae adipisci id
et id quia eos ad et dolorem
aliquam quo nisi sunt eos impedit error
ad similique veniam",,58,,,voluptatum itaque dolores nisi et quasi,6
"perspiciatis et quam ea autem temporibus non voluptatibus qui
beatae a earum officia nesciunt dolores suscipit voluptas et
animi doloribus cum rerum quas et magni
et hic ut ut commodi expedita sunt",,59,,,qui commodi dolor at maiores et quis id accusantium,6
"asperiores sunt ab assumenda cumque modi velit
qui esse omnis
voluptate et fuga perferendis voluptas
illo ratione amet aut et omnis",,60,,,consequatur placeat omnis quisquam quia reprehenderit fugit veritatis facere,6
"ab nemo optio odio
delectus tenetur corporis similique nobis repellendus rerum omnis facilis
vero blanditiis debitis in nesciunt doloribus dicta dolores
magnam minus velit",,61,,,voluptatem doloribus consectetur est ut ducimus,7
"enim aspernatur illo distinctio quae praesentium
beatae alias amet delectus qui voluptate distinctio
odit sint accusantium autem omnis
quo molestiae omnis ea eveniet optio",,62,,,beatae enim quia vel,7
"enim adipisci aspernatur nemo
numquam omnis facere dolorem dolor ex quis temporibus incidunt
ab delectus culpa quo reprehenderit blanditiis asperiores
accusantium ut quam in voluptatibus voluptas ipsam dicta",,63,,,voluptas blanditiis repellendus animi ducimus error sapiente et suscipit,7
"id velit blanditiis
eum ea voluptatem
molestiae sint occaecati est eos perspiciatis
incidunt a error provident eaque aut aut qui",,64,,,et fugit quas eum in in aperiam quod,7
"voluptatibus ex esse
sint explicabo est aliquid cumque adipisci fuga repellat labore
molestiae corrupti ex saepe at asperiores et perferendis
natus id esse incidunt pariatur",,65,,,consequatur id enim sunt et et,7
"officia veritatis tenetur vero qui itaque
sint non ratione
sed et ut asperiores iusto eos molestiae nostrum
veritatis quibusdam et nemo iusto saepe",,66,,,repudiandae ea animi iusto,7
"reprehenderit id nostrum
voluptas doloremque pariatur sint et accusantium quia quod aspernatur
et fugiat amet
non sapiente et consequatur necessitatibus molestiae",,67,,,aliquid eos sed fuga est maxime repellendus,7
"magnam molestiae perferendis quisquam
qui cum reiciendis
quaerat animi amet hic inventore
ea quia deleniti quidem saepe porro velit",,68,,,odio quis facere architecto reiciendis optio,7
"officiis error culpa consequatur modi asperiores et
dolorum assumenda voluptas et vel qui aut vel rerum
voluptatum quisquam perspiciatis quia rerum consequatur totam quas
sequi commodi repudiandae asperiores et saepe a",,69,,,fugiat quod pariatur odit minima,7
"sunt repellendus quae
est asperiores aut deleniti esse accusamus repellendus quia aut
quia dolorem unde
eum tempora esse dolore",,70,,,voluptatem laborum magni,7
"occaecati a doloribus
iste saepe consectetur placeat eum voluptate dolorem et
qui quo quia voluptas
rerum ut id enim velit est perferendis",,71,,,et iusto veniam et illum aut fuga,8
"quam occaecati qui deleniti consectetur
consequatur aut facere quas exercitationem aliquam hic voluptas
neque id sunt ut aut accusamus
sunt consectetur expedita inventore velit",,72,,,sint hic doloribus consequatur eos non id,8
"voluptatem cumque tenetur consequatur expedita ipsum nemo quia explicabo
aut eum minima consequatur
tempore cumque quae est et
et in consequuntur voluptatem voluptates aut",,73,,,consequuntur deleniti eos quia temporibus ab aliquid at,8
"odit qui et et necessitatibus sint veniam
mollitia amet doloremque molestiae commodi similique magnam et quam
blanditiis est itaque
quo et tenetur ratione occaecati molestiae tempora",,74,,,enim unde ratione doloribus quas enim ut sit sapiente,8
"commodi non non omnis et voluptas sit
autem aut nobis magnam et sapiente voluptatem
et laborum repellat qui delectus facilis temporibus
rerum amet et nemo voluptate expedita adipisci error dolorem",,75,,,dignissimos eum dolor ut enim et delectus in,8
"ut animi facere
totam iusto tempore
molestiae eum aut et dolorem aperiam
quaerat recusandae totam odio",,76,,,doloremque officiis ad et non perferendis,8
"modi ut in nulla repudiandae dolorum nostrum eos
aut consequatur omnis
ut incidunt est omnis iste et quam
voluptates sapiente aliquam asperiores nobis amet corrupti repudiandae provident",,77,,,necessitatibus quasi exercitationem odio,8
"nobis facilis odit tempore cupiditate quia
assumenda doloribus rerum qui ea
illum et qui totam
aut veniam repellendus",,78,,,quam voluptatibus rerum veritatis,8
"libero accusantium et et facere incidunt sit dolorem
non excepturi qui quia sed laudantium
quisquam molestiae ducimus est
officiis esse molestiae iste et quos",,79,,,pariatur consequatur quia magnam autem omnis non amet,8
"ex quod dolorem ea eum iure qui provident amet
quia qui facere excepturi et repudiandae
asperiores molestias provident
minus incidunt vero fugit rerum sint sunt excepturi provident",,80,,,labore in ex et explicabo corporis aut quas,8
"facere qui nesciunt est voluptatum voluptatem nisi
sequi eligendi necessitatibus ea at rerum itaque
harum non ratione velit laboriosam quis consequuntur
ex officiis minima doloremque voluptas ut aut",,81,,,tempora rem veritatis voluptas quo dolores vero,9
"ut libero sit aut totam inventore sunt
porro sint qui sunt molestiae
consequatur cupiditate qui iste ducimus adipisci
dolor enim assumenda soluta laboriosam amet iste delectus hic",,82,,,laudantium voluptate suscipit sunt enim enim,9
"est molestiae facilis quis tempora numquam nihil qui
voluptate sapiente consequatur est qui
necessitatibus autem aut ipsa aperiam modi dolore numquam
reprehenderit eius rem quibusdam",,83,,,odit et voluptates doloribus alias odio et,9
"sint molestiae magni a et quos
eaque et quasi
ut rerum debitis similique veniam
recusandae dignissimos dolor incidunt consequatur odio",,84,,,optio ipsam molestias necessitatibus occaecati facilis veritatis dolores aut,9
"similique sed nisi voluptas iusto omnis
mollitia et quo
assumenda suscipit officia magnam sint sed tempora
enim provident pariatur praesentium atque animi amet ratione",,85,,,dolore veritatis porro provident adipisci blanditiis et sunt,9
"quasi excepturi consequatur iste autem temporibus sed molestiae beatae
et quaerat et esse ut
voluptatem occaecati et vel explicabo autem
asperiores pariatur deserunt optio",,86,,,placeat quia et porro iste,9
"eos et molestiae
nesciunt ut a
dolores perspiciatis repellendus repellat aliquid
magnam sint rem ipsum est",,87,,,nostrum quis quasi placeat,9
"consequatur omnis est praesentium
ducimus non iste
neque hic deserunt
voluptatibus veniam cum et rerum sed",,88,,,sapiente omnis fugit eos,9
"repellat aut aperiam totam temporibus autem et
architecto magnam ut
consequatur qui cupiditate rerum quia soluta dignissimos nihil iure
tempore quas est",,89,,,sint soluta et vel magnam aut ut sed qui,9
"minus omnis soluta quia
qui sed adipisci voluptates illum ipsam voluptatem
eligendi officia ut in
eos soluta similique molestias praesentium blanditiis",,90,,,ad iusto omnis odit dolor voluptatibus,9
"libero voluptate eveniet aperiam sed
sunt placeat suscipit molestias
similique fugit nam natus
expedita consequatur consequatur dolores quia eos et placeat",,91,,,aut amet sed,10
"aut et excepturi dicta laudantium sint rerum nihil
laudantium et at
a neque minima officia et similique libero et
commodi voluptate qui",,92,,,ratione ex tenetur perferendis,10
"dolorem quibusdam ducimus consequuntur dicta aut quo laboriosam
voluptatem quis enim recusandae ut sed sunt
nostrum est odit totam
sit error sed sunt eveniet provident qui nulla",,93,,,beatae soluta recusandae,10
"aspernatur expedita soluta quo ab ut similique
expedita dolores amet
sed temporibus distinctio magnam saepe deleniti
omnis facilis nam ipsum natus sint similique omnis",,94,,,qui qui voluptates illo iste minima,10
"earum voluptatem facere provident blanditiis velit laboriosam
pariatur accusamus odio saepe
cumque dolor qui a dicta ab doloribus consequatur omnis
corporis cupiditate eaque assumenda ad nesciunt",,95,,,id minus libero illum nam ad officiis,10
"in non odio excepturi sint eum
labore voluptates vitae quia qui et
inventore itaque rerum
veniam non exercitationem delectus aut",,96,,,quaerat velit veniam amet cupiditate aut numquam ut sequi,10
"eum non blanditiis soluta porro quibusdam voluptas
vel voluptatem qui placeat dolores qui velit aut
vel inventore aut cumque culpa explicabo aliquid at
perspiciatis est et voluptatem dignissimos dolor itaque sit nam",,97,,,quas fugiat ut perspiciatis vero provident,10
"doloremque ex facilis sit sint culpa
soluta assumenda eligendi non ut eius
sequi ducimus vel quasi
veritatis est dolores",,98,,,laboriosam dolor voluptates,10
"quo deleniti praesentium dicta non quod
aut est molestias
molestias et officia quis nihil
itaque dolorem quia",,99,,,temporibus sit alias delectus eligendi possimus magni,10
"cupiditate quo est a modi nesciunt soluta
ipsa voluptas error itaque dicta in
autem qui minus magnam et distinctio eum
accusamus ratione error aut",,100,,,at nam consequatur ea labore ea harum,10
"laudantium enim quasi est quidem magnam voluptate ipsam eos
tempora quo necessitatibus
dolor quam autem quasi
reiciendis et nam sapiente accusantium",Eliseo@gardner.biz,1,id labore ex et quam laborum,1,,
"est natus enim nihil est dolore omnis voluptatem numquam
et omnis occaecati quod ullam at
voluptatem error expedita pariatur
nihil sint nostrum voluptatem reiciendis et",Jayne_Kuhic@sydney.com,2,quo vero reiciendis velit similique earum,1,,
"quia molestiae reprehenderit quasi aspernatur
aut expedita occaecati aliquam eveniet laudantium
omnis quibusdam delectus saepe quia accusamus maiores nam est
cum et ducimus et vero voluptates excepturi deleniti ratione",Nikita@garfield.biz,3,odio adipisci rerum aut animi,1,,
"non et atque
occaecati deserunt quas accusantium unde odit nobis qui voluptatem
quia voluptas consequuntur itaque dolor
et qui rerum deleniti ut occaecati",Lew@alysha.tv,4,alias odio sit,1,,
"harum non quasi et ratione
tempore iure ex voluptates in ratione
harum architecto fugit inventore cupiditate
voluptates magni quo et",Hayden@althea.biz,5,vero eaque aliquid doloribus et culpa,1,,
"doloribus at sed quis culpa deserunt consectetur qui praesentium
accusamus fugiat dicta
voluptatem rerum ut voluptate autem
voluptatem repellendus aspernatur dolorem in",Presley.Mueller@myrl.com,6,et fugit eligendi deleniti quidem qui sint nihil autem,2,,
"maiores sed dolores similique labore et inventore et
quasi temporibus esse sunt id et
eos voluptatem aliquam
aliquid ratione corporis molestiae mollitia quia et magnam dolor",Dallas@ole.me,7,repellat consequatur praesentium vel minus molestias voluptatum,2,,
"ut voluptatem corrupti velit
ad voluptatem maiores
et nisi velit vero accusamus maiores
voluptates quia aliquid ullam eaque",Mallory_Kunze@marie.org,8,et omnis dolorem,2,,
"sapiente assumenda molestiae atque
adipisci laborum distinctio aperiam et ab ut omnis
et occaecati aspernatur odit sit rem expedita
quas enim ipsam minus",Meghan_Littel@rene.us,9,provident id voluptas,2,,
"voluptate iusto quis nobis reprehenderit ipsum amet nulla
quia quas dolores velit et non
aut quia necessitatibus
nostrum quaerat nulla et accusamus nisi facilis",Carmen_Keeling@caroline.name,10,eaque et deleniti atque tenetur ut quo ut,2,,
"ut dolorum nostrum id quia aut est
fuga est inventore vel eligendi explicabo quis consectetur
aut occaecati repellat id natus quo est
ut blanditiis quia ut vel ut maiores ea",Veronica_Goodwin@timmothy.net,11,fugit labore quia mollitia quas deserunt nostrum sunt,3,,
"expedita maiores dignissimos facilis
ipsum est rem est fugit velit sequi
eum odio dolores dolor totam
occaecati ratione eius rem velit",Oswald.Vandervort@leanne.org,12,modi ut eos dolores illum nam dolor,3,,
"fuga eos qui dolor rerum
inventore corporis exercitationem
corporis cupiditate et deserunt recusandae est sed quis culpa
eum maiores corporis et",Kariane@jadyn.tv,13,aut inventore non pariatur sit vitae voluptatem sapiente,3,,
"vel quae voluptas qui exercitationem
voluptatibus unde sed
minima et qui ipsam aspernatur
expedita magnam laudantium et et quaerat ut qui dolorum",Nathan@solon.io,14,et officiis id praesentium hic aut ipsa dolorem repudiandae,3,,
"nihil ut voluptates blanditiis autem odio dicta rerum
quisquam saepe et est
sunt quasi nemo laudantium deserunt
molestias tempora quo quia",Maynard.Hodkiewicz@roberta.com,15,debitis magnam hic odit aut ullam nostrum tenetur,3,,
"iste ut laborum aliquid velit facere itaque
quo ut soluta dicta voluptate
error tempore aut et
sequi reiciendis dignissimos expedita consequuntur libero sed fugiat facilis",Christine@ayana.info,16,perferendis temporibus delectus optio ea eum ratione dolorum,4,,
"consequatur necessitatibus totam sed sit dolorum
recusandae quae odio excepturi voluptatum harum voluptas
quisquam sit ad eveniet delectus
doloribus odio qui non labore",Preston_Hudson@blaise.tv,17,eos est animi quis,4,,
"veritatis voluptates necessitatibus maiores corrupti
neque et exercitationem amet sit et
ullam velit sit magnam laborum
magni ut molestias",Vincenza_Klocko@albertha.name,18,aut et tenetur ducimus illum aut nulla ab,4,,
"doloribus est illo sed minima aperiam
ut dignissimos accusantium tempore atque et aut molestiae
magni ut accusamus voluptatem quos ut voluptates
quisquam porro sed architecto ut",Madelynn.Gorczany@darion.biz,19,sed impedit rerum quia et et inventore unde officiis,4,,
"qui harum consequatur fugiat
et eligendi perferendis at molestiae commodi ducimus
doloremque asperiores numquam qui
ut sit dignissimos reprehenderit tempore",Mariana_Orn@preston.org,20,molestias expedita iste aliquid voluptates,4,,
"deleniti aut sed molestias explicabo
commodi odio ratione nesciunt
voluptate doloremque est
nam autem error delectus",Noemie@marques.me,21,aliquid rerum mollitia qui a consectetur eum sed,5,,
"qui ipsa animi nostrum praesentium voluptatibus odit
qui non impedit cum qui nostrum aliquid fuga explicabo
voluptatem fugit earum voluptas exercitationem temporibus dignissimos distinctio
esse inventore reprehenderit quidem ut incidunt nihil necessitatibus rerum",Khalil@emile.co.uk,22,porro repellendus aut tempore quis hic,5,,
"voluptates provident repellendus iusto perspiciatis ex fugiat ut
ut dolor nam aliquid et expedita voluptate
sunt vitae illo rerum in quos
vel eligendi enim quae fugiat est",Sophia@arianna.co.uk,23,quis tempora quidem nihil iste,5,,
"repudiandae repellat quia
sequi est dolore explicabo nihil et
et sit et
et praesentium iste atque asperiores tenetur",Jeffery@juwan.us,24,in tempore eos beatae est,5,,
"sunt aut quae laboriosam sit ut impedit
adipisci harum laborum totam deleniti voluptas odit rem ea
non iure distinctio ut velit doloribus
et non ex",Isaias_Kuhic@jarrett.net,25,autem ab ea sit alias hic provident sit,5,,
"incidunt sapiente eaque dolor eos
ad est molestias
quas sit et nihil exercitationem at cumque ullam
nihil magnam et",Russel.Parker@kameron.io,26,in deleniti sunt provident soluta ratione veniam quam praesentium,6,,
"nisi vel quas ut laborum ratione
rerum magni eum
unde et voluptatem saepe
voluptas corporis modi amet ipsam eos saepe porro",Francesco.Gleason@nella.us,27,doloribus quibusdam molestiae amet illum,6,,
"voluptatem repellendus quo alias at laudantium
mollitia quidem esse
temporibus consequuntur vitae rerum illum
id corporis sit id",Ronny@rosina.org,28,quo voluptates voluptas nisi veritatis dignissimos dolores ut officiis,6,,
"tempora voluptatem est
magnam distinctio autem est dolorem
et ipsa molestiae odit rerum itaque corporis nihil nam
eaque rerum error",Jennings_Pouros@erica.biz,29,eum distinctio amet dolor,6,,
"consequuntur quia voluptate assumenda et
autem voluptatem reiciendis ipsum animi est provident
earum aperiam sapiente ad vitae iste
accusantium aperiam eius qui dolore voluptatem et",Lurline@marvin.biz,30,quasi nulla ducimus facilis non voluptas aut,6,,
"quia incidunt ut
aliquid est ut rerum deleniti iure est
ipsum quia ea sint et
voluptatem quaerat eaque repudiandae eveniet aut",Buford@shaylee.biz,31,ex velit ut cum eius odio ad placeat,7,,
"nihil ea itaque libero illo
officiis quo quo dicta inventore consequatur voluptas voluptatem
corporis sed necessitatibus velit tempore
rerum velit et temporibus",Maria@laurel.name,32,dolorem architecto ut pariatur quae qui suscipit,7,,
"fugit harum quae vero
libero unde tempore
soluta eaque culpa sequi quibusdam nulla id
et et necessitatibus",Jaeden.Towne@arlene.tv,33,voluptatum totam vel voluptate omnis,7,,
"omnis temporibus quasi ab omnis
facilis et omnis illum quae quasi aut
minus iure ex rem ut reprehenderit
in non fugit",Ethelyn.Schneider@emelia.co.uk,34,omnis nemo sunt ab autem,7,,
"dolor mollitia quidem facere et
vel est ut
ut repudiandae est quidem dolorem sed atque
rem quia aut adipisci sunt",Georgianna@florence.io,35,repellendus sapiente omnis praesentium aliquam ipsum id molestiae omnis,7,,
"aut vero est
dolor non aut excepturi dignissimos illo nisi aut quas
aut magni quia nostrum provident magnam quas modi maxime
voluptatem et molestiae",Raheem_Heaney@gretchen.biz,36,sit et quis,8,,
"qui rem amet aut
cumque maiores earum ut quia sit nam esse qui
iusto aspernatur quis voluptas
dolorem distinctio ex temporibus rem",Jacky@victoria.net,37,beatae veniam nemo rerum voluptate quam aspernatur,8,,
"unde voluptatem qui dicta
vel ad aut eos error consequatur voluptatem
adipisci doloribus qui est sit aut
velit aut et ea ratione eveniet iure fuga",Piper@linwood.us,38,maiores dolores expedita,8,,
"atque consequatur dolorem sunt
adipisci autem et
voluptatibus et quae necessitatibus rerum eaque aperiam nostrum nemo
eligendi sed et beatae et inventore",Gaylord@russell.net,39,necessitatibus ratione aut ut delectus quae ut,8,,
"quod minus alias quos
perferendis labore molestias quae ut ut corporis deserunt vitae
et quaerat ut et ullam unde asperiores
cum voluptatem cumque",Clare.Aufderhar@nicole.ca,40,non minima omnis deleniti pariatur facere quibusdam at,8,,
"facere repudiandae vitae ea aut sed quo ut et
facere nihil ut voluptates in
saepe cupiditate accusantium numquam dolores
inventore sint mollitia provident",Lucio@gladys.tv,41,voluptas deleniti ut,9,,
"aut culpa quaerat veritatis eos debitis
aut repellat eius explicabo et
officiis quo sint at magni ratione et iure
incidunt quo sequi quia dolorum beatae qui",Shemar@ewell.name,42,nam qui et,9,,
"voluptatem ut possimus laborum quae ut commodi delectus
in et consequatur
in voluptas beatae molestiae
est rerum laborum et et velit sint ipsum dolorem",Jackeline@eva.tv,43,molestias sint est voluptatem modi,9,,
"qui sunt commodi
sint vel optio vitae quis qui non distinctio
id quasi modi dicta
eos nihil sit inventore est numquam officiis",Marianna_Wilkinson@rupert.io,44,hic molestiae et fuga ea maxime quod,9,,
"ipsum odio harum voluptatem sunt cumque et dolores
nihil laboriosam neque commodi qui est
quos numquam voluptatum
corporis quo in vitae similique cumque tempore",Marcia@name.biz,45,autem illo facilis,9,,
"exercitationem et id quae cum omnis
voluptatibus accusantium et quidem
ut ipsam sint
doloremque illo ex atque necessitatibus sed",Jeremy.Harann@waino.me,46,dignissimos et deleniti voluptate et quod,10,,
"occaecati laudantium ratione non cumque
earum quod non enim soluta nisi velit similique voluptatibus
esse laudantium consequatur voluptatem rem eaque voluptatem aut ut
et sit quam",Pearlie.Kling@sandy.com,47,rerum commodi est non dolor nesciunt ut,10,,
"illum et alias quidem magni voluptatum
ab soluta ea qui saepe corrupti hic et
cum repellat esse
est sint vel veritatis officia consequuntur cum",Manuela_Stehr@chelsie.tv,48,consequatur animi dolorem saepe repellendus ut quo aut tenetur,10,,
"id est iure occaecati quam similique enim
ab repudiandae non
illum expedita quam excepturi soluta qui placeat
perspiciatis optio maiores non doloremque aut iusto sapiente",Camryn.Weimann@doris.io,49,rerum placeat quae minus iusto eligendi,10,,
"eum accusamus aut delectus
architecto blanditiis quia sunt
rerum harum sit quos quia aspernatur vel corrupti inventore
animi dicta vel corporis",Kiana_Predovic@yasmin.io,50,dolorum soluta quidem ex quae occaecati dicta aut doloribus,10,,
"perferendis omnis esse
voluptate sit mollitia sed perferendis
nemo nostrum qui
vel quis nisi doloribus animi odio id quas",Laurie@lincoln.us,51,molestias et odio ut commodi omnis ex,11,,
"et enim voluptatem totam laudantium
impedit nam labore repellendus enim earum aut
consectetur mollitia fugit qui repellat expedita sunt
aut fugiat vel illo quos aspernatur ducimus",Abigail.OConnell@june.org,52,esse autem dolorum,11,,
"a at tempore
molestiae odit qui dolores molestias dolorem et
laboriosam repudiandae placeat quisquam
autem aperiam consectetur maiores laboriosam nostrum",Laverne_Price@scotty.info,53,maiores alias necessitatibus aut non,11,,
"et ipsa rem ullam cum pariatur similique quia
cum ipsam est sed aut inventore
provident sequi commodi enim inventore assumenda aut aut
tempora possimus soluta quia consequatur modi illo",Kenton_Vandervort@friedrich.com,54,culpa eius tempora sit consequatur neque iure deserunt,11,,
"perferendis eaque labore laudantium ut molestiae soluta et
vero odio non corrupti error pariatur consectetur et
enim nam quia voluptatum non
mollitia culpa facere voluptas suscipit veniam",Hayden_Olson@marianna.me,55,quas pariatur quia a doloribus,11,,
"cum esse odio nihil reiciendis illum quaerat
est facere quia
occaecati sit totam fugiat in beatae
ut occaecati unde vitae nihil quidem consequatur",Vince_Crist@heidi.biz,56,et dolorem corrupti sed molestias,12,,
"dolorem facere itaque fuga odit autem
perferendis quisquam quis corrupti eius dicta
repudiandae error esse itaque aut
corrupti sint consequatur aliquid",Darron.Nikolaus@eulah.me,57,qui quidem sed,12,,
"veritatis qui nihil
quia reprehenderit non ullam ea iusto
consectetur nam voluptas ut temporibus tempore provident error
eos et nisi et voluptate",Ezra_Abshire@lyda.us,58,sint minus reiciendis qui perspiciatis id,12,,
"cumque molestiae officia aut fugiat nemo autem
vero alias atque sed qui ratione quia
repellat vel earum
ea laudantium mollitia",Jameson@tony.info,59,quis ducimus distinctio similique et illum minima ab libero,12,,
"error eum quia voluptates alias repudiandae
accusantium veritatis maiores assumenda
quod impedit animi tempore veritatis
animi et et officiis labore impedit blanditiis repudiandae",Americo@estrella.net,60,expedita libero quos cum commodi ad,12,,
"deserunt cumque laudantium
et et odit quia sint quia quidem
quibusdam debitis fuga in tempora deleniti
impedit consequatur veniam reiciendis autem porro minima",Aurelio.Pfeffer@griffin.ca,61,quidem itaque dolores quod laborum aliquid molestiae,13,,
"tempore dolorum corrupti facilis
praesentium sunt iste recusandae
unde quisquam similique
alias consequuntur voluptates velit",Vesta_Crooks@dora.us,62,libero beatae consequuntur optio est hic,13,,
"aut eligendi et molestiae voluptatum tempora
officia nihil sit voluptatem aut deleniti
quaerat consequatur eaque
sapiente tempore commodi tenetur rerum qui quo",Margarett_Klein@mike.biz,63,occaecati dolor accusantium et quasi architecto aut eveniet fugiat,13,,
"sed illum quis
ut aut culpa labore aspernatur illo
dolorem quia vitae ut aut quo repellendus est omnis
esse at est debitis",Freida@brandt.tv,64,consequatur aut ullam voluptas dolorum voluptatum sequi et,13,,
"qui debitis vitae ratione
tempora impedit aperiam porro molestiae placeat vero laboriosam recusandae
praesentium consequatur facere et itaque quidem eveniet
magnam natus distinctio sapiente",Mollie@agustina.name,65,earum ea ratione numquam,13,,
"necessitatibus libero occaecati
vero inventore iste assumenda veritatis
asperiores non sit et quia omnis facere nemo explicabo
odit quo nobis porro",Janice@alda.io,66,eius nam consequuntur,14,,
"nulla quo itaque beatae ad
officiis animi aut exercitationem voluptatum dolorem doloremque ducimus in
recusandae officia consequuntur quas
aspernatur dolores est esse dolores sit illo laboriosam quaerat",Dashawn@garry.com,67,omnis consequatur natus distinctio,14,,
"sed magni accusantium numquam quidem omnis et voluptatem beatae
quos fugit libero
vel ipsa et nihil recusandae ea
iste nemo qui optio sit enim ut nostrum odit",Devan.Nader@ettie.me,68,architecto ut deserunt consequatur cumque sapiente,14,,
"omnis dolor autem qui est natus
autem animi nemo voluptatum aut natus accusantium iure
inventore sunt ea tenetur commodi suscipit facere architecto consequatur
dolorem nihil veritatis consequuntur corporis",Joana.Schoen@leora.co.uk,69,at aut ea iure accusantium voluptatum nihil ipsum,14,,
"omnis aliquam praesentium ad voluptatem harum aperiam dolor autem
hic asperiores quisquam ipsa necessitatibus suscipit
praesentium rem deserunt et
facere repellendus aut sed fugit qui est",Minerva.Anderson@devonte.ca,70,eum magni accusantium labore aut cum et tenetur,14,,
"mollitia magnam et
ipsum consequatur est expedita
aut rem ut ex doloremque est vitae est
cumque velit recusandae numquam libero dolor fuga fugit a",Lavinia@lafayette.me,71,vel pariatur perferendis vero ab aut voluptates labore,15,,
"quisquam voluptas ut
pariatur eos amet non
reprehenderit voluptates numquam
in est voluptatem dicta ipsa qui esse enim",Sabrina.Marks@savanah.name,72,quia sunt dolor dolor suscipit expedita quis,15,,
"nam qui possimus deserunt
inventore dignissimos nihil rerum ut consequatur vel architecto
tenetur recusandae voluptate
numquam dignissimos aliquid ut reprehenderit voluptatibus",Desmond_Graham@kailee.biz,73,ut quia ipsa repellat sunt et sequi aut est,15,,
"non accusamus eum aut et est
accusantium animi nesciunt distinctio ea quas quisquam
sit ut voluptatem modi natus sint
facilis est qui molestias recusandae nemo",Gussie_Kunde@sharon.biz,74,ut non illum pariatur dolor,15,,
"natus numquam enim asperiores doloremque ullam et
est molestias doloribus cupiditate labore vitae aut voluptatem
itaque quos quo consectetur nihil illum veniam
nostrum voluptatum repudiandae ut",Richard@chelsie.co.uk,75,minus laboriosam consequuntur,15,,
"sunt qui consequatur similique recusandae repellendus voluptates eos et
vero nostrum fugit magnam aliquam
reprehenderit nobis voluptatem eos consectetur possimus
et perferendis qui ea fugiat sit doloremque",Gage_Turner@halle.name,76,porro ut soluta repellendus similique,16,,
"eos ullam dolorem impedit labore mollitia
rerum non dolores
molestiae dignissimos qui maxime sed voluptate consequatur
doloremque praesentium magnam odio iste quae totam aut",Alfred@sadye.biz,77,dolores et quo omnis voluptates,16,,
"qui adipisci eveniet excepturi iusto magni et
enim ducimus asperiores blanditiis nemo
commodi nihil ex
enim rerum vel nobis nostrum et non",Catharine@jordyn.com,78,voluptas voluptas voluptatibus blanditiis,16,,
"et inventore sapiente sed
sunt similique fugiat officia velit doloremque illo eligendi quas
sed rerum in quidem perferendis facere molestias
dolore dolor voluptas nam vel quia",Esther_Ratke@shayna.biz,79,beatae ut ad quisquam sed repellendus et,16,,
"dignissimos itaque ab et tempore odio omnis voluptatem
itaque perferendis rem repellendus tenetur nesciunt velit
qui cupiditate recusandae
quis debitis dolores aliquam nam",Evangeline@chad.net,80,et cumque ad culpa ut eligendi non,16,,
"illum et voluptatem quis repellendus quidem repellat
reprehenderit voluptas consequatur mollitia
praesentium nisi quo quod et
occaecati repellendus illo eius harum explicabo doloribus officia",Newton.Kertzmann@anjali.io,81,aut non consequuntur dignissimos voluptatibus dolorem earum recusandae dolorem,17,,
"officiis dolorem voluptas aliquid eveniet tempora qui
ea temporibus labore accusamus sint
ut sunt necessitatibus voluptatum animi cumque
at reiciendis voluptatem iure aliquid et qui dolores et",Caleb_Herzog@rosamond.net,82,ea est non dolorum iste nihil est,17,,
"et consequatur voluptates magnam fugit sunt repellendus nihil earum
officiis aut cupiditate
et distinctio laboriosam
molestiae sunt dolor explicabo recusandae",Sage_Mueller@candace.net,83,nihil qui accusamus ratione et molestias et minus,17,,
"ratione ut magni voluptas
explicabo natus quia consequatur nostrum aut
omnis enim in qui illum
aut atque laboriosam aliquid blanditiis quisquam et laborum",Bernie.Bergnaum@lue.com,84,quia voluptatibus magnam voluptatem optio vel perspiciatis,17,,
"quisquam incidunt dolores sint qui doloribus provident
vel cupiditate deleniti alias voluptatem placeat ad
ut dolorem illum unde iure quis libero neque
ea et distinctio id",Alexzander_Davis@eduardo.name,85,non voluptas cum est quis aut consectetur nam,17,,
"eum culpa debitis sint
eaque quia magni laudantium qui neque voluptas
voluptatem qui molestiae vel earum est ratione excepturi
sit aut explicabo et repudiandae ut perspiciatis",Jacquelyn@krista.info,86,suscipit est sunt vel illum sint,18,,
"assumenda corporis architecto repudiandae omnis qui et odit
perferendis velit enim
et quia reiciendis sint
quia voluptas quam deserunt facilis harum eligendi",Grover_Volkman@coty.tv,87,dolor asperiores autem et omnis quasi nobis,18,,
"laudantium corrupti atque exercitationem quae enim et veniam dicta
autem perspiciatis sit dolores
minima consectetur tenetur iste facere
amet est neque",Jovanny@abigale.ca,88,officiis aperiam odit sint est non,18,,
"quibusdam rerum quia nostrum culpa
culpa est natus impedit quo rem voluptate quos
rerum culpa aut ut consectetur
sunt esse laudantium voluptatibus cupiditate rerum",Isac_Schmeler@barton.com,89,in voluptatum nostrum voluptas iure nisi rerum est placeat,18,,
"vitae cupiditate excepturi eum veniam laudantium aspernatur blanditiis
aspernatur quia ut assumenda et magni enim magnam
in voluptate tempora
non qui voluptatem reprehenderit porro qui voluptatibus",Sandy.Erdman@sabina.info,90,eum voluptas dolores molestias odio amet repellendus,18,,
"qui nisi at maxime deleniti quo
ex quas tenetur nam
deleniti aut asperiores deserunt cum ex eaque alias sit
et veniam ab consequatur molestiae",Alexandro@garry.io,91,repellendus est laboriosam voluptas veritatis,19,,
"nihil necessitatibus omnis asperiores nobis praesentium quia
ab debitis quo deleniti aut sequi commodi
ut perspiciatis quod est magnam aliquam modi
eum quos aliquid ea est",Vickie_Schuster@harley.net,92,repellendus aspernatur occaecati tempore blanditiis deleniti omnis qui distinctio,19,,
"ut quis et id repellat labore
nobis itaque quae saepe est ullam aut
dolor id ut quis
sunt iure voluptates expedita voluptas doloribus modi saepe autem",Roma_Doyle@alia.com,93,mollitia dolor deleniti sed iure laudantium,19,,
"reiciendis delectus nulla quae voluptas nihil provident quia
ab corporis nesciunt blanditiis quibusdam et unde et
magni eligendi aperiam corrupti perspiciatis quasi
neque iure voluptatibus mollitia",Tatum_Marks@jaylon.name,94,vero repudiandae voluptatem nobis,19,,
"at ut tenetur rem
ut fuga quis ea magnam alias
aut tempore fugiat laboriosam porro quia iure qui
architecto est enim",Juston.Ruecker@scot.tv,95,voluptatem unde quos provident ad qui sit et excepturi,19,,
"eum itaque quam
laboriosam sequi ullam quos nobis
omnis dignissimos nam dolores
facere id suscipit aliquid culpa rerum quis",River.Grady@lavada.biz,96,non sit ad culpa quis,20,,
"est ducimus voluptate saepe iusto repudiandae recusandae et
sint fugit voluptas eum itaque
odit ab eos voluptas molestiae necessitatibus earum possimus voluptatem
quibusdam aut illo beatae qui delectus aut officia veritatis",Claudia@emilia.ca,97,reiciendis culpa omnis suscipit est,20,,
"ex et expedita cum voluptatem
voluptatem ab expedita quis nihil
esse quo nihil perferendis dolores velit ut culpa aut
dolor maxime necessitatibus voluptatem",Torrey@june.tv,98,praesentium dolorem ea voluptate et,20,,
"aut quam consequatur sit et
repellat maiores laborum similique voluptatem necessitatibus nihil
et debitis nemo occaecati cupiditate
modi dolorum quia aut",Hildegard.Aufderhar@howard.com,99,laudantium delectus nam,20,,
"architecto dolorem ab explicabo et provident et
et eos illo omnis mollitia ex aliquam
atque ut ipsum nulla nihil
quis voluptas aut debitis facilis",Leone_Fay@orrin.com,100,et sint quia dolor et est ea nulla cum,20,,
"ut aut maxime officia sed aliquam et magni autem
veniam repudiandae nostrum odio enim eum optio aut
omnis illo quasi quibusdam inventore explicabo
reprehenderit dolor saepe possimus molestiae",Lura@rod.tv,101,perspiciatis magnam ut eum autem similique explicabo expedita,21,,
"aut dolorem quos ut non
aliquam unde iure minima quod ullam qui
fugiat molestiae tempora voluptate vel labore
saepe animi et vitae numquam ipsa",Lottie.Zieme@ruben.us,102,officia ullam ut neque earum ipsa et fuga,21,,
"totam eum fugiat repellendus
quae beatae explicabo excepturi iusto et
repellat alias iure voluptates consequatur sequi minus
sed maxime unde",Winona_Price@jevon.me,103,ipsum a ut,21,,
"qui aperiam labore animi magnam odit est
ut autem eaque ea magni quas voluptatem
doloribus vel voluptatem nostrum ut debitis enim quaerat
ut esse eveniet aut",Gabriel@oceane.biz,104,a assumenda totam,21,,
"ut rerum illum error at inventore ab nobis molestiae
ipsa architecto temporibus non aliquam aspernatur omnis quidem aliquid
consequatur non et expedita cumque voluptates ipsam quia
blanditiis libero itaque sed iusto at",Adolph.Ondricka@mozell.co.uk,105,voluptatem repellat est,21,,
"dolores debitis voluptatem ab hic
magnam alias qui est sunt
et porro velit et repellendus occaecati est
sequi quia odio deleniti illum",Allen@richard.biz,106,maiores placeat facere quam pariatur,22,,
"eveniet fugit qui
porro eaque dolores eos adipisci dolores ut
fugit perferendis pariatur
numquam et repellat occaecati atque ipsum neque",Nicholaus@mikayla.ca,107,in ipsam vel id impedit possimus eos voluptate,22,,
"at a vel sequi nostrum
harum nam nihil
cumque aut in dolore rerum ipsa hic ratione
rerum cum ratione provident labore ad quisquam repellendus a",Kayla@susanna.org,108,ut veritatis corporis placeat suscipit consequatur quaerat,22,,
"aliquid qui dolorem deserunt aperiam natus corporis eligendi neque
at et sunt aut qui
illum repellat qui excepturi laborum facilis aut omnis consequatur
et aut optio ipsa nisi enim",Gideon@amina.name,109,eveniet ut similique accusantium qui dignissimos,22,,
"cum sequi in eligendi id eaque
dolores accusamus dolorem eum est voluptatem quisquam tempore
in voluptas enim voluptatem asperiores voluptatibus
eius quo quos quasi voluptas earum ut necessitatibus",Cassidy@maribel.io,110,sint est odit officiis similique aut corrupti quas autem,22,,
"ullam autem et
accusantium quod sequi similique soluta explicabo ipsa
eius ratione quisquam sed et excepturi occaecati pariatur
molestiae ut reiciendis eum voluptatem sed",Stefan.Crist@duane.ca,111,possimus facilis deleniti nemo atque voluptate,23,,
"ut tempora deleniti quo molestiae eveniet provident earum occaecati
est nesciunt ut pariatur ipsa voluptas voluptatem aperiam
qui deleniti quibusdam voluptas molestiae facilis id iusto similique
tempora aut qui",Aniyah.Ortiz@monte.me,112,dolore aut aspernatur est voluptate quia ipsam,23,,
"voluptatem sint quia modi accusantium alias
recusandae rerum voluptatem aut sit et ut magnam
voluptas rerum odio quo labore voluptatem facere consequuntur
ut sit voluptatum hic distinctio",Laverna@rico.biz,113,sint quo debitis deleniti repellat,23,,
"nihil labore qui
quis dolor eveniet iste numquam
porro velit incidunt
laboriosam asperiores aliquam facilis in et voluptas eveniet quasi",Derek@hildegard.net,114,optio et sunt non,23,,
"laudantium tempore aut
maiores laborum fugit qui suscipit hic sint officiis corrupti
officiis eum optio cumque fuga sed voluptatibus similique
sit consequuntur rerum commodi",Tyrell@abdullah.ca,115,occaecati dolorem eum in veniam quia quo reiciendis,23,,
"quia voluptas qui assumenda nesciunt harum iusto
est corrupti aperiam
ut aut unde maxime consequatur eligendi
veniam modi id sint rem labore saepe minus",Reyes@hailey.name,116,veritatis sit tempora quasi fuga aut dolorum,24,,
"doloribus esse necessitatibus qui eos et ut est saepe
sed rerum tempore est ut
quisquam et eligendi accusantium
commodi non doloribus",Danika.Dicki@mekhi.biz,117,incidunt quae optio quam corporis iste deleniti accusantium vero,24,,
"repudiandae aliquam maxime cupiditate consequatur id
quas error repellendus
totam officia dolorem beatae natus cum exercitationem
asperiores dolor ea",Alessandra.Nitzsche@stephania.us,118,quisquam laborum reiciendis aut,24,,
"et omnis consequatur ut
in suscipit et voluptatem
animi at ut
dolores quos aut numquam esse praesentium aut placeat nam",Matteo@marquis.net,119,minus pariatur odit,24,,
"iusto sint recusandae placeat atque perferendis sit corporis molestiae
rem dolor eius id delectus et qui
sed dolorem reiciendis error ullam corporis delectus
explicabo mollitia odit laborum sed itaque deserunt rem dolorem",Joshua.Spinka@toby.io,120,harum error sit,24,,
"soluta mollitia impedit cumque nostrum tempore aut placeat repellat
enim adipisci dolores aut ut ratione laboriosam necessitatibus vel
et blanditiis est iste sapiente qui atque repellendus alias
earum consequuntur quia quasi quia",Annabelle@cole.com,121,deleniti quo corporis ullam magni praesentium molestiae,25,,
"doloribus veritatis a et quis corrupti incidunt est
harum maiores impedit et beatae qui velit et aut
porro sed dignissimos deserunt deleniti
et eveniet voluptas ipsa pariatur rem ducimus",Kacey@jamal.info,122,nihil tempora et reiciendis modi veniam,25,,
"nostrum perspiciatis doloribus
explicabo soluta id libero illo iste et
ab expedita error aliquam eum sint ipsum
modi possimus et",Mina@mallie.name,123,ad eos explicabo odio velit,25,,
"ut ut eius qui explicabo quis
iste autem nulla beatae tenetur enim
assumenda explicabo consequatur harum exercitationem
velit itaque consectetur et possimus",Hudson.Blick@ruben.biz,124,nostrum suscipit aut consequatur magnam sunt fuga nihil,25,,
"aut voluptas dolore autem
reprehenderit expedita et nihil pariatur ea animi quo ullam
a ea officiis corporis
eius voluptatum cum mollitia dolore quaerat accusamus",Domenic.Durgan@joaquin.name,125,porro et voluptate et reprehenderit,25,,
"est qui ut tempore temporibus pariatur provident qui consequuntur
laboriosam porro dignissimos quos debitis id laborum et totam
aut eius sequi dolor maiores amet
rerum voluptatibus quod ratione quos labore fuga sit",Alexie@alayna.org,126,fuga tenetur id et qui labore delectus,26,,
"omnis consequatur dignissimos iure rerum odio
culpa laudantium quia voluptas enim est nisi
doloremque consequatur autem officiis necessitatibus beatae et
et itaque animi dolor praesentium",Haven_Barrows@brant.org,127,consequatur harum magnam,26,,
"exercitationem eius aut ullam vero
impedit similique maiores ea et in culpa possimus omnis
eos labore autem quam repellendus dolores deserunt voluptatem
non ullam eos accusamus",Marianne@maximo.us,128,labore architecto quaerat tempora voluptas consequuntur animi,26,,
"fugit minima voluptatem est aut sed explicabo
harum dolores at qui eaque
magni velit ut et
nam et ut sunt excepturi repellat non commodi",Fanny@danial.com,129,deleniti facere tempore et perspiciatis voluptas quis voluptatem,26,,
"dicta sit culpa molestiae quasi at voluptate eos
dolorem perferendis accusamus rerum expedita ipsum quis qui
quos est deserunt
rerum fuga qui aliquam in consequatur aspernatur",Trevion_Kuphal@bernice.name,130,quod est non quia doloribus quam deleniti libero,26,,
"rem magnam at voluptatem
aspernatur et et nostrum rerum
dignissimos eum quibusdam
optio quod dolores et",Emmet@guy.biz,131,voluptas quasi sunt laboriosam,27,,
"ullam harum consequatur est rerum est
magni tenetur aperiam et
repudiandae et reprehenderit dolorum enim voluptas impedit
eligendi quis necessitatibus in exercitationem voluptatem qui",Megane.Fritsch@claude.name,132,unde tenetur vero eum iusto,27,,
"sunt quis iure molestias qui ipsa commodi dolore a
odio qui debitis earum
unde ut omnis
doloremque corrupti at repellendus earum eum",Amya@durward.ca,133,est adipisci laudantium amet rem asperiores,27,,
"corrupti perspiciatis eligendi
et omnis tempora nobis dolores hic
dolorum vitae odit
reiciendis sunt odit qui",Jasen_Rempel@willis.org,134,reiciendis quo est vitae dignissimos libero ut officiis fugiat,27,,
"sapiente nostrum dolorem odit a
sed animi non architecto doloremque unde
nam aut aut ut facilis
et ut autem fugit minima culpa inventore non",Harmony@reggie.com,135,inventore fugiat dignissimos,27,,
"cum natus qui dolorem dolorum nihil ut nam tempore
modi nesciunt ipsum hic
rem sunt possimus earum magnam similique aspernatur sed
totam sed voluptatem iusto id iste qui",Rosanna_Kunze@guy.net,136,et expedita est odit,28,,
"reiciendis maiores id
voluptas sapiente deserunt itaque
ut omnis sunt
necessitatibus quibusdam dolorem voluptatem harum error",Ressie.Boehm@flossie.com,137,saepe dolore qui tempore nihil perspiciatis omnis omnis magni,28,,
"dolorem suscipit adipisci ad cum totam quia fugiat
vel quia dolores molestiae eos
omnis officia quidem quaerat alias vel distinctio
vero provident et corporis a quia ut",Domenic.Wuckert@jazmyne.us,138,ea optio nesciunt officia velit enim facilis commodi,28,,
"facilis cumque nostrum dignissimos
doloremque saepe quia adipisci sunt
dicta dolorum quo esse
culpa iste ut asperiores cum aperiam",Rhett.OKon@brian.info,139,ut pariatur voluptate possimus quasi,28,,
"velit ipsa fugiat sit qui vel nesciunt sapiente
repudiandae perferendis nemo eos quos perspiciatis aperiam
doloremque incidunt nostrum temporibus corrupti repudiandae vitae non corporis
cupiditate suscipit quod sed numquam excepturi enim labore",Mathias@richmond.info,140,consectetur tempore eum consequuntur,28,,
"et ullam id eligendi rem sit
occaecati et delectus in nemo
aut veritatis deserunt aspernatur dolor enim voluptas quos consequatur
molestiae temporibus error",Ottis@lourdes.org,141,dignissimos perspiciatis voluptate quos rem qui temporibus excepturi,29,,
"cumque voluptas quo eligendi sit
nemo ut ut dolor et cupiditate aut
et voluptatem quia aut maiores quas accusantium expedita quia
beatae aut ad quis soluta id dolorum",Estel@newton.ca,142,cum dolore sit quisquam provident nostrum vitae,29,,
"est quasi maiores nisi reiciendis enim
dolores minus facilis laudantium dignissimos
reiciendis et facere occaecati dolores et
possimus et vel et aut ipsa ad",Bertha@erik.co.uk,143,velit molestiae assumenda perferendis voluptas explicabo,29,,
"voluptatem unde consequatur natus nostrum vel ut
consequatur sequi doloremque omnis dolorem maxime
eaque sunt excepturi
fuga qui illum et accusamus",Joesph@matteo.info,144,earum ipsum ea quas qui molestiae omnis unde,29,,
"assumenda nihil et
sed nulla tempora porro iste possimus aut sit officia
cumque totam quis tenetur qui sequi
delectus aut sunt",Alva@cassandre.net,145,magni iusto sit,29,,
"possimus necessitatibus quis
et dicta omnis voluptatem ea est
suscipit eum soluta in quia corrupti hic iusto
consequatur est aut qui earum nisi officiis sed culpa",Vivienne@willis.org,146,est qui debitis,30,,
"nihil aspernatur consequatur voluptatem facere sed fugiat ullam
beatae accusamus et fuga maxime vero
omnis necessitatibus quisquam ipsum consectetur incidunt repellat voluptas
error quo et ab magnam quisquam",Angelita@aliza.me,147,reiciendis et consectetur officiis beatae corrupti aperiam,30,,
"nemo corporis quidem eius aut dolores
itaque rerum quo occaecati mollitia incidunt
autem est saepe nulla nobis a id
dolore facilis placeat molestias in fugiat aliquam excepturi",Timmothy_Okuneva@alyce.tv,148,iusto reprehenderit voluptatem modi,30,,
"veniam est distinctio
nihil quia eos sed
distinctio hic ut sint ducimus debitis dolorem voluptatum assumenda
eveniet ea perspiciatis",Moriah_Welch@richmond.org,149,optio dolorem et reiciendis et recusandae quidem,30,,
"est non atque eligendi aspernatur quidem earum mollitia
minima neque nam exercitationem provident eum
maxime quo et ut illum sequi aut fuga repudiandae
sapiente sed ea distinctio molestias illum consequatur libero quidem",Ramiro_Kuhn@harmon.biz,150,id saepe numquam est facilis sint enim voluptas voluptatem,30,,
"quos eos sint voluptatibus similique iusto perferendis omnis voluptas
earum nulla cumque
dolorem consequatur officiis quis consequatur aspernatur nihil ullam et
enim enim unde nihil labore non ducimus",Cary@taurean.biz,151,ut quas facilis laborum voluptatum consequatur odio voluptate et,31,,
"itaque veritatis explicabo
quis voluptatem mollitia soluta id non
doloribus nobis fuga provident
nesciunt saepe molestiae praesentium laboriosam",Tillman_Koelpin@luisa.com,152,quod doloremque omnis,31,,
"et cumque error pariatur
quo doloribus corrupti voluptates ad voluptatem consequatur voluptas dolores
pariatur at quas iste repellat et sed quasi
ea maiores rerum aut earum",Aleen@tania.biz,153,dolorum et dolorem optio in provident,31,,
"quod magni consectetur
quod doloremque velit autem ipsam nisi praesentium ut
laboriosam quod deleniti
pariatur aliquam sint excepturi a consectetur quas eos",Durward@cindy.com,154,odit illo optio ea modi in,31,,
"animi asperiores modi et tenetur vel magni
id iusto aliquid ad
nihil dolorem dolorum aut veritatis voluptates
omnis cupiditate incidunt",Lester@chauncey.ca,155,adipisci laboriosam repudiandae omnis veritatis in facere similique rem,31,,
"dolorum voluptas laboriosam quisquam ab
totam beatae et aut aliquid optio assumenda
voluptas velit itaque quidem voluptatem tempore cupiditate
in itaque sit molestiae minus dolores magni",Telly_Lynch@karl.co.uk,156,pariatur omnis in,32,,
"voluptas quia quo ad
ipsum voluptatum provident ut ipsam velit dignissimos aut assumenda
ut officia laudantium
quibusdam sed minima",Makenzie@libbie.io,157,aut nobis et consequatur,32,,
"et qui ad vero quis
quisquam omnis fuga et vel nihil minima eligendi nostrum
sed deserunt rem voluptates autem
quia blanditiis cum sed",Amiya@perry.us,158,explicabo est molestiae aut,32,,
"deserunt deleniti officiis architecto consequatur molestiae facere dolor
voluptatem velit eos fuga dolores
sit quia est a deleniti hic dolor quisquam repudiandae
voluptas numquam voluptatem impedit",Meghan@akeem.tv,159,voluptas blanditiis deserunt quia quis,32,,
"non reprehenderit aut sed quos est ad voluptatum
est ut est dignissimos ut dolores consequuntur
debitis aspernatur consequatur est
porro nulla laboriosam repellendus et nesciunt est libero placeat",Mitchel.Williamson@fletcher.io,160,sint fugit esse,32,,
"sunt totam blanditiis
eum quos fugit et ab rerum nemo
ut iusto architecto
ut et eligendi iure placeat omnis",Ashlee_Jast@emie.biz,161,nesciunt quidem veritatis alias odit nisi voluptatem non est,33,,
"nulla impedit porro in sed
voluptatem qui voluptas et enim beatae
nobis et sit ipsam aut
voluptatem voluptatibus blanditiis officia quod eos omnis earum dolorem",Antwan@lori.ca,162,animi vitae qui aut corrupti neque culpa modi,33,,
"molestiae dolorem quae rem neque sapiente voluptatum nesciunt cum
id rerum at blanditiis est accusantium est
eos illo porro ad
quod repellendus ad et labore fugit dolorum",Estelle@valentina.info,163,omnis ducimus ab temporibus nobis porro natus deleniti,33,,
"beatae aut ut autem sit officia rerum nostrum
provident ratione sed dicta omnis alias commodi rerum expedita
non nobis sapiente consectetur odit unde quia
voluptas in nihil consequatur doloremque ullam dolorem cum",Haylie@gino.name,164,eius corrupti ea,33,,
"sed praesentium ducimus minima autem corporis debitis
aperiam eum sit pariatur
impedit placeat illo odio
odit accusantium expedita quo rerum magnam",Blake_Spinka@robyn.info,165,quia commodi molestiae assumenda provident sit incidunt laudantium,33,,
"nam quas eaque unde
dolor blanditiis cumque eaque omnis qui
rerum modi sint quae numquam exercitationem
atque aut praesentium ipsa sit neque qui sint aut",Aimee.Bins@braeden.ca,166,sint alias molestiae qui dolor vel,34,,
"molestiae voluptatem qui
id facere nostrum quasi asperiores rerum
quisquam est repellendus
deleniti eos aut sed nemo non",Eloy@vladimir.com,167,ea nam iste est repudiandae,34,,
"cupiditate optio in quidem adipisci sit dolor id
et tenetur quo sit odit
aperiam illum optio magnam qui
molestiae eligendi harum optio dolores dolor quaerat nostrum",Gabrielle@jada.co.uk,168,quis harum voluptatem et culpa,34,,
"unde non aliquid magni accusantium architecto et
rerum autem eos explicabo et
odio facilis sed
rerum ex esse beatae quia",Lee@dawn.net,169,dolor dolore similique tempore ducimus,34,,
"amet id deserunt ipsam
cupiditate distinctio nulla voluptatem
cum possimus voluptate
ipsum quidem laudantium quos nihil",Gideon.Hyatt@jalen.tv,170,cupiditate labore omnis consequatur,34,,
"sed non beatae placeat qui libero nam eaque qui
quia ut ad doloremque
sequi unde quidem adipisci debitis autem velit
architecto aperiam eos nihil enim dolores veritatis omnis ex",Gerda.Reynolds@ceasar.co.uk,171,voluptatibus qui est et,35,,
"nemo ullam omnis sit
labore perferendis et eveniet nostrum
dignissimos expedita iusto
occaecati quia sit quibusdam",Ivah@brianne.net,172,corporis ullam quo,35,,
"asperiores hic fugiat aut et temporibus mollitia quo quam
cumque numquam labore qui illum vel provident quod
pariatur natus incidunt
sunt error voluptatibus vel voluptas maiores est vero possimus",Ethyl_Bogan@candace.co.uk,173,nulla accusamus saepe debitis cum,35,,
"sit dolores consequatur qui voluptas sunt
earum at natus alias excepturi dolores
maiores pariatur at reiciendis
dolor esse optio",Janelle_Guann@americo.info,174,iure praesentium ipsam,35,,
"culpa non ea
perspiciatis exercitationem sed natus sit
enim voluptatum ratione omnis consequuntur provident commodi omnis
quae odio sit at tempora",Alfonzo.Barton@kelley.co.uk,175,autem totam velit officiis voluptates et ullam rem,35,,
"quam culpa fugiat
rerum impedit ratione vel ipsam rem
commodi qui rem eum
itaque officiis omnis ad",Esther@ford.me,176,ipsam deleniti incidunt repudiandae voluptatem maxime provident non dolores,36,,
"ut facilis sapiente
quia repellat autem et aut delectus sint
autem nulla debitis
omnis consequuntur neque",Naomie_Cronin@rick.co.uk,177,ab cupiditate blanditiis ea sunt,36,,
"sit maxime fugit
sequi culpa optio consequatur voluptatem dolor expedita
enim iure eum reprehenderit doloremque aspernatur modi
voluptatem culpa nostrum quod atque rerum sint laboriosam et",Darryl@reginald.us,178,rerum ex quam enim sunt,36,,
"non saepe ipsa velit sunt
totam ipsum optio voluptatem
nesciunt qui iste eum
et deleniti ullam",Thea@aurelio.org,179,et iure ex rerum qui,36,,
"recusandae temporibus nihil non alias consequatur
libero voluptatem sed soluta accusamus
a qui reiciendis officiis ad
quia laborum libero et rerum voluptas sed ut et",Carolyn@eloisa.biz,180,autem tempora a iusto eum aut voluptatum,36,,
"dolor iure corrupti
et eligendi nesciunt voluptatum autem
consequatur in sapiente
dolor voluptas dolores natus iusto qui et in perferendis",Milan.Schoen@cortney.io,181,similique ut et non laboriosam in eligendi et,37,,
"voluptatum voluptatem nisi consequatur et
omnis nobis odio neque ab enim veniam
sit qui aperiam odit voluptatem facere
nesciunt esse nemo",Sabrina@raymond.biz,182,soluta corporis excepturi consequatur perspiciatis quia voluptatem,37,,
"tempora soluta voluptas deserunt
non fugiat similique
est natus enim eum error magni soluta
dolores sit doloremque",Hildegard@alford.ca,183,praesentium quod quidem optio omnis qui,37,,
"odio saepe ad error minima itaque
omnis fuga corrupti qui eaque cupiditate eum
vitae laborum rerum ut reprehenderit architecto sit debitis magnam
qui corrupti cum quidem commodi facere corporis",Lowell.Pagac@omari.biz,184,veritatis velit quasi quo et voluptates dolore,37,,
"deleniti non et corrupti delectus ea cupiditate
at nihil fuga rerum
temporibus doloribus unde sed alias
ducimus perspiciatis quia debitis fuga",Vivianne@ima.us,185,natus assumenda ut,37,,
"asperiores eaque error sunt ut natus et omnis
expedita error iste vitae
sit alias voluptas voluptatibus quia iusto quia ea
enim facere est quam ex",Yasmin.Prohaska@hanna.co.uk,186,voluptas distinctio qui similique quasi voluptatem non sit,38,,
"et enim necessitatibus velit autem magni voluptas
at maxime error sunt nobis sit
dolor beatae harum rerum
tenetur facere pariatur et perferendis voluptas maiores nihil eaque",Ursula.Kirlin@eino.org,187,maiores iste dolor itaque nemo voluptas,38,,
"quam magni adipisci totam
ut reprehenderit ut tempore non asperiores repellendus architecto aperiam
dignissimos est aut reiciendis consectetur voluptate nihil culpa at
molestiae labore qui ea",Nichole_Bartoletti@mozell.me,188,quisquam quod quia nihil animi minima facere odit est,38,,
"nostrum excepturi debitis cum
architecto iusto laudantium odit aut dolor voluptatem consectetur nulla
mollitia beatae autem quasi nemo repellendus ut ea et
aut architecto odio cum quod optio",Lottie_Wyman@jasen.biz,189,ut iusto asperiores delectus,38,,
"laudantium vero similique eum
iure iste culpa praesentium
molestias doloremque alias et at doloribus
aperiam natus est illo quo ratione porro excepturi",Dominique_Hermann@paige.ca,190,dignissimos voluptatibus libero,38,,
"sit vero aut voluptatem soluta corrupti dolor cum
nulla ipsa accusamus aut suscipit ut dicta ut nemo
ut et ut sit voluptas modi
illum suscipit ea debitis aut ullam harum",Eugene@mohammed.net,191,est perferendis eos dolores maxime rerum qui,39,,
"dolore velit autem perferendis hic
tenetur quo rerum
impedit error sit eaque ut
ad in expedita et nesciunt sit aspernatur repudiandae",Janick@marty.me,192,sunt veritatis quisquam est et porro nesciunt excepturi a,39,,
"laudantium consequatur sed adipisci a
odit quia necessitatibus qui
numquam expedita est accusantium nostrum
occaecati perspiciatis molestiae nostrum atque",Alena@deron.name,193,quia velit nostrum eligendi voluptates,39,,
"aut distinctio iusto autem sit libero deleniti
est soluta non perferendis illo
eveniet corrupti est sint quae
sed sunt voluptatem",Alphonso_Rosenbaum@valentin.co.uk,194,non ut sunt ut eius autem ipsa eos sapiente,39,,
"culpa voluptas quidem eos quis excepturi
quasi corporis provident enim
provident velit ex occaecati deleniti
id aspernatur fugiat eligendi",Frank@rosalind.name,195,tempore vel accusantium qui quidem esse ut aut,39,,
"eum laborum quidem omnis facere harum ducimus dolores quaerat
corporis quidem aliquid
quod aut aut at dolorum aspernatur reiciendis
exercitationem quasi consectetur asperiores vero blanditiis dolor",Jenifer_Lowe@reuben.ca,196,totam vel saepe aut qui velit quis,40,,
"fugit ut laborum provident
quos provident voluptatibus quam non
sed accusantium explicabo dolore quia distinctio voluptatibus et
consequatur eos qui iure minus eaque praesentium",Cecelia_Nitzsche@marty.com,197,non perspiciatis omnis facere rem,40,,
"est veritatis mollitia atque quas et sint et dolor
et ut beatae aut
magni corporis dolores voluptatibus optio molestiae enim minus est
reiciendis facere voluptate rem officia doloribus ut",Christop_Friesen@jordan.me,198,quod vel enim sit quia ipsa quo dolores,40,,
"veniam eos ab voluptatem in fugiat ipsam quis
officiis non qui
quia ut id voluptates et a molestiae commodi quam
dolorem enim soluta impedit autem nulla",Cooper_Boehm@damian.biz,199,pariatur aspernatur nam atque quis,40,,
"facere maxime alias aspernatur ab quibusdam necessitatibus
ratione similique error enim
sed minus et
et provident minima voluptatibus",Amir@kaitlyn.org,200,aperiam et omnis totam,40,,
"est officiis placeat
id et iusto ut fugit numquam
eos aut voluptas ad quia tempore qui quibusdam doloremque
recusandae tempora qui",Cleve@royal.us,201,et adipisci aliquam a aperiam ut soluta,41,,
"sequi expedita quibusdam enim ipsam
beatae ad eum placeat
perspiciatis quis in nulla porro voluptas quia
esse et quibusdam",Donnell@polly.net,202,blanditiis vel fuga odio qui,41,,
"eum voluptates id autem sequi qui omnis commodi
veniam et laudantium aut
et molestias esse asperiores et quaerat
pariatur non officia voluptatibus",Bonita@karl.biz,203,ab enim adipisci laudantium impedit qui sed,41,,
"voluptatibus pariatur illo
autem quia aut ullam laudantium quod laborum officia
dicta sit consequatur quis delectus vel
omnis laboriosam laborum vero ipsa voluptas",Shea@angelina.biz,204,autem voluptates voluptas nihil,41,,
"voluptatem accusamus delectus natus quasi aliquid
porro ab id ea aut consequatur dignissimos quod et
aspernatur sapiente cum corrupti
pariatur veritatis unde",Omari@veronica.us,205,et reiciendis ullam quae,41,,
"nam iusto minus expedita numquam
et id quis
voluptatibus minima porro facilis dolores beatae aut sit
aut quia suscipit",Sophie@antoinette.ca,206,deserunt eveniet quam vitae velit,42,,
"nulla quos harum commodi
aperiam qui et dignissimos
reiciendis ut quia est corrupti itaque
laboriosam debitis suscipit",Jessika@crystel.ca,207,asperiores sed voluptate est,42,,
"enim aut doloremque mollitia provident molestiae omnis esse excepturi
officiis tempora sequi molestiae veniam voluptatem
recusandae omnis temporibus et deleniti laborum sed ipsa
molestiae eum aut",Cesar_Volkman@letitia.biz,208,excepturi aut libero incidunt doloremque at,42,,
"officiis qui eos voluptas laborum error
sunt repellat quis nisi unde velit
delectus eum molestias tempora quia ut aut
consequatur cupiditate quis sint in eum voluptates",Maureen_Mueller@lance.us,209,repudiandae consectetur dolore,42,,
"praesentium odit quos et tempora eum voluptatem non
non aut eaque consectetur reprehenderit in qui eos nam
nemo ea eos
ea nesciunt consequatur et",Eriberto@geovany.ca,210,quibusdam provident accusamus id aut totam eligendi,42,,
"odio temporibus est ut a
aut commodi minima tempora eum
et fuga omnis alias deleniti facere totam unde
impedit voluptas et possimus consequatur necessitatibus qui velit",Faustino.Keeling@morris.co.uk,211,rerum voluptate dolor,43,,
"aut vero sint ut et voluptate
sunt quod velit impedit quia
cupiditate dicta magni ut
eos blanditiis assumenda pariatur nemo est tempore velit",Viola@aric.co.uk,212,et maiores sed temporibus cumque voluptatem sunt necessitatibus in,43,,
"at non dolore molestiae
autem rerum id
cum facilis sit necessitatibus accusamus quia officiis
sint ea sit natus rerum est nemo perspiciatis ea",Felton_Huel@terrell.biz,213,ratione architecto in est voluptatem quibusdam et,43,,
"nam nesciunt earum sequi dolorum
et fuga sint quae architecto
in et et ipsam veniam ad voluptas rerum animi
illum temporibus enim rerum est",Ferne_Bogan@angus.info,214,dicta deserunt tempore,43,,
"esse ab est deleniti dicta non
inventore veritatis cupiditate
eligendi sequi excepturi assumenda a harum sint aut eaque
rerum molestias id excepturi quidem aut",Amy@reymundo.org,215,sint culpa cupiditate ut sit quas qui voluptas qui,43,,
"minima quaerat voluptatibus iusto earum
quia nihil et
minus deleniti aspernatur voluptatibus tempore sit molestias
architecto velit id debitis",Jaylan.Mayert@norbert.biz,216,voluptatem esse sint alias,44,,
"aperiam rerum aut provident cupiditate laboriosam
enim placeat aut explicabo
voluptatum similique rerum eaque eligendi
nobis occaecati perspiciatis sint ullam",Cristina.DAmore@destini.biz,217,eos velit velit esse autem minima voluptas,44,,
"rem qui est
facilis qui voluptatem quis est veniam quam aspernatur dicta
dolore id sapiente saepe consequatur
enim qui impedit culpa ex qui voluptas dolor",Ettie_Bashirian@lambert.biz,218,voluptatem qui deserunt dolorum in voluptates similique et qui,44,,
"est et dolores voluptas aut molestiae nam eos saepe
expedita eum ea tempore sit iure eveniet
iusto enim quos quo
repellendus laudantium eum fugiat aut et",Lizeth@kellen.org,219,qui unde recusandae omnis ut explicabo neque magni veniam,44,,
"illum ea eum quia
doloremque modi ducimus voluptatum eaque aperiam accusamus eos quia
sed rerum aperiam sunt quo
ea veritatis natus eos deserunt voluptas ea voluptate",Vladimir_Schumm@sharon.tv,220,vel autem quia in modi velit,44,,
"rerum possimus asperiores non dolores maiores tenetur ab
suscipit laudantium possimus ab iure
distinctio assumenda iste adipisci optio est sed eligendi
temporibus perferendis tempore soluta",Madonna@will.com,221,reprehenderit rem voluptatem voluptate recusandae dolore distinctio,45,,
"cum officiis impedit neque a sed dolorum accusamus eaque
repellat natus aut commodi sint fugit consequatur corporis
voluptatum dolorum sequi perspiciatis ut facilis
delectus pariatur consequatur at aut temporibus facere vitae",Cicero_Goldner@elenor.tv,222,rerum aliquam ducimus repudiandae perferendis,45,,
"maiores perspiciatis quo alias doloremque
illum iusto possimus impedit
velit voluptatem assumenda possimus
ut nesciunt eum et deleniti molestias harum excepturi",Zella@jan.net,223,accusantium aliquid consequuntur minus quae quis et autem,45,,
"perferendis quae est velit ipsa autem adipisci ex rerum
voluptatem occaecati velit perferendis aut tenetur
deleniti eaque quasi suscipit
dolorum nobis vel et aut est eos",Robin_Jacobi@verdie.net,224,eum dolorum ratione vitae expedita,45,,
"doloribus illum tempora aliquam qui perspiciatis dolorem ratione velit
facere nobis et fugiat modi
fugiat dolore at
ducimus voluptate porro qui architecto optio unde deleniti",Lawson@demarco.co.uk,225,occaecati et corrupti expedita,45,,
"provident sed similique
explicabo fugiat quasi saepe voluptatem corrupti recusandae
voluptas repudiandae illum tenetur mollitia
sint in enim earum est",Benton@jayde.tv,226,assumenda officia quam ex natus minima sint quia,46,,
"est quo quod tempora fuga debitis
eum nihil nemo nisi consequatur sequi nesciunt dolorum et
cumque maxime qui consequatur mollitia dicta iusto aut
vero recusandae ut dolorem provident voluptatibus suscipit sint",Melody@london.name,227,omnis error aut doloremque ipsum ducimus,46,,
"quibusdam dolores eveniet qui minima
magni perspiciatis pariatur
ullam dolor sit ex molestiae in nulla unde rerum
quibusdam deleniti nisi",Wyman.Swaniawski@marjorie.name,228,eaque expedita temporibus iure velit eligendi labore dignissimos molestiae,46,,
"unde aliquam ipsam eaque quia laboriosam exercitationem totam illo
non et dolore ipsa
laborum et sapiente fugit voluptatem
et debitis quia optio et minima et nostrum",Deborah@fletcher.co.uk,229,maxime veniam at,46,,
"neque ullam eos amet
ratione architecto doloribus qui est nisi
occaecati unde expedita perspiciatis animi tenetur minus eveniet aspernatur
eius nihil adipisci aut",Dario@barton.info,230,illo dolor corrupti quia pariatur in,46,,
"veritatis laudantium laboriosam ut maxime sed voluptate
consequatur itaque occaecati voluptatum est
ut itaque aperiam eligendi at vel minus
dicta tempora nihil pariatur libero est",Kelton_McKenzie@danial.us,231,omnis minima dicta aliquam excepturi,47,,
"ullam modi consequatur officia dolor non explicabo et
eum minus dicta dolores blanditiis dolore
nobis assumenda harum velit ullam et cupiditate
et commodi dolor harum et sed cum reprehenderit omnis",Itzel@fritz.io,232,voluptatem excepturi sit et sed qui ipsum quam consequatur,47,,
"aperiam quo quis
nobis error et culpa veritatis
quae sapiente nobis architecto doloribus quia laboriosam
est consequatur et recusandae est eius",Jacquelyn_Kutch@kaya.co.uk,233,qui dolores maxime autem enim repellendus culpa nostrum consequuntur,47,,
"itaque voluptatem voluptas velit non est rerum incidunt
vitae aut labore accusantium in atque
repudiandae quos necessitatibus
autem ea excepturi",Cheyanne.Schowalter@alycia.biz,234,natus et necessitatibus animi,47,,
"ea iusto laboriosam sit
voluptatibus magni ratione eum
et minus perferendis
eius rerum suscipit velit culpa ipsa ipsam aperiam est",Macey@abbie.org,235,odio sed accusantium iure repudiandae officiis ut autem illo,47,,
"itaque error cupiditate asperiores ut aspernatur veniam qui
doloribus sit aliquid pariatur dicta deleniti qui alias dignissimos
recusandae eaque repellendus est et dolorem aut non
explicabo voluptas est beatae vel temporibus",Freeda.Kirlin@eddie.ca,236,cupiditate rerum voluptate quo facere repudiandae,48,,
"aut culpa quis modi
libero hic dolore provident officiis placeat minima vero
et iste dolores aut voluptatem saepe unde
vero temporibus sunt corrupti voluptate",Jennifer.Rowe@zoe.org,237,recusandae deserunt possimus voluptatibus ipsam iste consequatur consequatur,48,,
"et nostrum cupiditate nobis facere et est illo
consequatur harum voluptatem totam
molestiae voluptas consequatur quibusdam aut
modi impedit necessitatibus et nisi nesciunt adipisci",Providenci.Heller@lenna.info,238,voluptatem nam ducimus non molestiae,48,,
"esse rem ut neque magni voluptatem id qui
aut ut vel autem non qui quam sit
impedit quis sit illum laborum
aut at vel eos nihil quo",Emerald_Murazik@darrell.biz,239,voluptatum debitis qui aut voluptas eos quibusdam et,48,,
"necessitatibus nulla perferendis ad inventore earum delectus
vitae illo sed perferendis
officiis quo eligendi voluptatem animi totam perspiciatis
repellat quam eum placeat est tempore facere",Joseph@corrine.com,240,est dolorem est placeat provident non nihil,48,,
"quisquam asperiores voluptas
modi tempore officia quod hic dolor omnis asperiores
architecto aut vel odio quisquam sunt
deserunt soluta illum",Lemuel@willow.name,241,reprehenderit inventore soluta ut aliquam,49,,
"dolores minus sequi laudantium excepturi deserunt rerum voluptatem
pariatur harum natus sed dolore quis
consectetur quod inventore laboriosam et in dolor beatae rerum
quia rerum qui recusandae quo officiis fugit",Sven@gudrun.info,242,quis sit aut vero quo accusamus,49,,
"rem ut cumque tempore sed
aperiam unde tenetur ab maiores officiis alias
aut nemo veniam dolor est eum sunt a
esse ratione deserunt et",Jennifer@shania.ca,243,quaerat natus illum,49,,
"est et itaque qui laboriosam dolor ut debitis
cumque et et dolor
eaque enim et architecto
et quia reiciendis quis",Eldora@madge.com,244,labore temporibus ipsa at blanditiis autem,49,,
"vel nam nemo sed vitae
repellat necessitatibus dolores deserunt dolorum
minima quae velit et nemo
sit expedita nihil consequatur autem quia maiores",Litzy@kaylie.io,245,et rerum fuga blanditiis provident eligendi iste eos,49,,
"quia est sed eos animi optio dolorum
consequatur reiciendis exercitationem ipsum nihil omnis
beatae sed corporis enim quisquam
et blanditiis qui nihil",Jaycee.Turner@euna.name,246,magnam earum qui eaque sunt excepturi,50,,
"explicabo nam nihil atque sint aut
qui qui rerum excepturi soluta quis et
et mollitia et voluptate minima nihil
sed quaerat dolor earum tempore et non est voluptatem",Wilbert@cheyenne.ca,247,vel aut blanditiis magni accusamus dolor soluta,50,,
"assumenda aut quis repellendus
nihil impedit cupiditate nemo
sit sequi laudantium aut voluptas nam dolore magnam
minima aspernatur vero sapiente",Rebecca_Hessel@edna.net,248,voluptatum sint dicta voluptas aut ut,50,,
"non repudiandae dicta et commodi
sint dolores facere eos nesciunt autem quia
placeat quaerat non culpa quasi dolores voluptas
dolorum placeat non atque libero odit autem sunt",Christiana@lawrence.info,249,quibusdam dignissimos aperiam sint commodi,50,,
"doloremque quae ratione cumque
excepturi eligendi delectus maiores necessitatibus veniam
fugiat exercitationem consectetur vel earum
quia illo explicabo molestiae enim rem deserunt et omnis",Samara@shaun.org,250,perferendis magnam natus exercitationem eveniet sunt,50,,
"sit vero at voluptatem corporis adipisci
error sit aut nihil rerum doloremque dolorum ipsum
eum ut numquam sapiente ipsam nam blanditiis ut quasi
facilis optio rerum qui temporibus esse excepturi eaque",Ayden_Hickle@stephany.tv,251,veritatis sint eius,51,,
"exercitationem quisquam sed
eius et cum reiciendis deleniti non
perspiciatis aut voluptatum deserunt
sint dignissimos est sed architecto sed",Carissa.Krajcik@jean.name,252,qui alias beatae iusto omnis placeat recusandae ut,51,,
"debitis dignissimos ut illum
rerum voluptatem ut qui labore
optio quaerat iure
iste consequuntur praesentium vero blanditiis quibusdam aut",Jayde@geovanny.io,253,voluptate ipsum corporis quis provident voluptatem eos asperiores,51,,
"laboriosam voluptas aut quibusdam mollitia sunt non
dolores illum fugiat ex vero nemo aperiam porro quam
expedita est vel voluptatem sit voluptas consequuntur quis eligendi
omnis id nisi ducimus sapiente odit quam",Ardella@khalid.biz,254,velit inventore et eius saepe,51,,
"nihil esse aut
debitis nostrum mollitia similique minus aspernatur possimus
omnis eaque non eveniet
rerum qui iure laboriosam",Delta_Welch@carleton.tv,255,impedit et sapiente et tempore repellendus,51,,
"nemo deleniti sunt praesentium quis quam repellendus
consequatur non est ex fugiat distinctio aliquam explicabo
aspernatur omnis debitis sint consequatur
quo autem natus veritatis",Carlee_Heathcote@harley.tv,256,tempore distinctio quam,52,,
"facere at voluptatem
repellendus omnis perspiciatis placeat aspernatur nobis blanditiis ut deleniti
quis non cumque laborum sit id ratione vel sequi
facere doloremque beatae aut maxime non",Delpha_Cormier@raymond.org,257,illum non quod vel voluptas quos,52,,
"aut cum sint qui facere blanditiis magnam consequuntur perspiciatis
harum impedit reprehenderit iste doloribus quia quo facere
et explicabo aut voluptate modi dolorem
rem aut nobis ut ad voluptatum ipsum eos maxime",Glenna@caesar.org,258,omnis quia fugit nisi officiis aspernatur occaecati et,52,,
"itaque occaecati non aspernatur
velit repudiandae sit rerum esse quibusdam unde molestias
explicabo dolorem vero consequatur quis et libero
voluptatem totam vel sapiente autem dolorum consequuntur",Hoyt_Dickens@napoleon.ca,259,animi minima ducimus tempore officiis qui,52,,
"aliquid molestias nemo aut est maxime
laboriosam et consequatur laudantium
commodi et corrupti
harum quasi minima ratione sint magni sapiente ut",Wendell.Marvin@maegan.net,260,qui dolore delectus et omnis quia,52,,
"sapiente qui est quod
debitis qui est optio consequuntur
alias hic amet ut non ad qui provident
quia provident aspernatur corrupti occaecati",Virgie@layne.org,261,aut veritatis quasi voluptatem enim dolor soluta temporibus,53,,
"similique harum iste ipsam non dolores facere esse
et beatae error necessitatibus laboriosam fugiat culpa esse occaecati
ut provident ut et dolorum nam
delectus impedit aut blanditiis fugiat est unde",Tia@kirsten.info,262,ipsa aliquid laborum quidem recusandae dolorum quia,53,,
"debitis dolore est
ut eos velit accusamus
non nobis ipsa nemo quas facilis quia hic
officia quam et possimus voluptas voluptatem quisquam tempore delectus",Marco@jennyfer.biz,263,vitae voluptatem dolor iure quo non atque,53,,
"consectetur maiores ab est qui aliquid porro
ipsa labore incidunt
iste deserunt quia aperiam quis sit perferendis
et sint iste",Taya@milan.biz,264,cum ab voluptates aut,53,,
"et quibusdam saepe labore delectus et earum quis perferendis
laborum soluta veritatis
ea veritatis quidem accusantium est aut porro rerum
quia est consequatur voluptatem numquam laudantium repellendus",Lenora@derrick.biz,265,omnis incidunt est molestias,53,,
"non et voluptas
eaque atque esse qui molestias porro quam veniam voluptatibus
minima ut velit velit ut architecto deleniti
ab sint deserunt possimus quas velit et eum",Carolina.Auer@polly.co.uk,266,eum enim provident atque eum,54,,
"magnam similique animi eos explicabo natus
provident cumque sit maxime velit
veritatis fuga esse dolor hic nihil nesciunt assumenda
aliquid vero modi alias qui quia doloribus est",Jaylan.Braun@lane.us,267,ea commodi provident veritatis voluptatem voluptates aperiam,54,,
"velit earum perspiciatis ea recusandae nihil consectetur ut
maxime repellendus doloribus
aperiam ut ex ratione quia esse magni
ducimus rerum vel rerum officiis suscipit nihil qui",Javier.Dicki@damien.org,268,eum et eos delectus,54,,
"quos sed unde repudiandae aut porro dignissimos qui
occaecati sed alias enim
voluptates nesciunt sit ut adipisci est
expedita quae corrupti",Khalil_Sawayn@tanya.net,269,molestiae vitae pariatur,54,,
"quas placeat repudiandae a delectus facere exercitationem consectetur
facilis quas sequi est mollitia
est vero hic laudantium maiores
quisquam itaque aut maxime ut cumque quia doloremque voluptatem",Tom.Russel@pattie.org,270,rerum adipisci et ut sit sit dolores,54,,
"quae eaque reprehenderit
suscipit facilis ut tenetur blanditiis sint occaecati
accusantium expedita sed nostrum
rerum sunt nam qui placeat consequatur et",Ethelyn.Moore@gabe.info,271,et et repellat quasi non ea similique,55,,
"consequuntur molestiae aut distinctio illo qui est sequi reprehenderit
hic accusamus et officiis reprehenderit culpa
est et numquam et
eius ipsa rerum velit",Evangeline_Kuvalis@santina.ca,272,repudiandae ut velit dignissimos enim rem dolores odit,55,,
"asperiores et minus non
dolor dolorem et sint et ipsam
et enim quia sequi
sed beatae culpa architecto nisi minima",Orland@larry.name,273,et aperiam autem inventore nisi nulla reiciendis velit,55,,
"quos illo consectetur dolores
cupiditate enim rerum dicta sequi totam
aspernatur sed praesentium
ipsum voluptates perspiciatis ipsa accusantium et et",Micaela.Powlowski@saul.me,274,et vero nostrum tempore,55,,
"error et quasi qui facilis enim eum adipisci iste
ad nostrum sint corporis quam velit necessitatibus a
eius doloribus optio ad qui molestiae
quaerat dignissimos voluptatem culpa aliquam explicabo commodi natus",Imelda_Klein@melany.biz,275,error nulla est laudantium similique ad,55,,
"dolores tempora totam quas maxime voluptatem voluptas excepturi
recusandae quis odio exercitationem in
consectetur sed aut
excepturi eligendi sint consectetur repellendus aperiam",Matt.Moen@gilda.org,276,inventore amet ut debitis ipsam reiciendis molestiae autem sed,56,,
"nihil ratione aliquam recusandae ipsa sunt doloribus labore molestiae
officia cum aliquid repudiandae et error
inventore minima optio repellat aut
ea et maxime alias voluptas eius",Rocky_Ullrich@rowena.name,277,dolorem aut ipsum alias ex ea quidem nostrum,56,,
"corporis perferendis dolorum error quo rerum aut odio veritatis
sit deleniti aut eligendi quam doloremque aut ipsam sint
doloribus id voluptatem esse reprehenderit molestiae quia voluptatem
incidunt illo beatae nihil corporis eligendi iure quo",Natalia@caitlyn.ca,278,est pariatur similique quod voluptas et consequuntur nam molestiae,56,,
"natus atque ipsum voluptatem et
necessitatibus atque quia asperiores animi odit ratione quos
est repellendus sit aut repudiandae animi aut
cum blanditiis repudiandae saepe laborum",Edythe@general.org,279,voluptas nihil aut dolor adipisci non,56,,
"perferendis fugit expedita cumque
exercitationem animi fugit aut earum
nihil quia illum eum dicta ut
quam commodi optio",Aglae@gerardo.name,280,culpa minima non consequatur sit autem quas sed ipsam,56,,
"eius voluptatem minus
et aliquid perspiciatis sint unde ut
similique odio ullam vitae quisquam hic ex consequatur aliquid
ab nihil explicabo sint maiores aut et dolores nostrum",Bridie@pearl.ca,281,consequatur voluptates sed voluptatem fuga,57,,
"ea consequatur placeat
quo omnis illum voluptatem
voluptatem fugit aut dolorum recusandae ut et
tenetur officia voluptas",Aglae_Goldner@madisyn.co.uk,282,et vitae culpa corrupti,57,,
"perspiciatis omnis eum nihil et porro facilis fuga qui
deleniti id et velit adipisci fuga voluptatibus voluptatum
debitis tempore dolorem atque consequatur ea perspiciatis sed
qui temporibus doloremque",Owen_Moore@jeremy.org,283,iste molestiae aut hic perspiciatis sint,57,,
"rem ut sed
non cumque corrupti vel nam rerum autem
nobis dolorem necessitatibus fugit corporis
quos sint distinctio ex et animi tempore",Jarred@dangelo.name,284,soluta omnis maiores animi veniam voluptas et totam repellendus,57,,
"est accusamus facere
reprehenderit corporis ad et est fugit iure nulla et
doloribus reiciendis quasi autem voluptas
ipsam labore et pariatur quia",Remington_Mohr@vincenza.me,285,non est sunt consequatur reiciendis,57,,
"doloremque accusantium necessitatibus architecto ut provident
quaerat iusto eius omnis
fuga laborum harum totam sunt velit
aut neque corporis atque",Marco.Langworth@zoie.org,286,dolore dignissimos distinctio,58,,
"voluptatem perspiciatis voluptatum quaerat
odit voluptates iure
quisquam magnam voluptates ut non qui
aliquam aut ut amet sit consequatur ut suscipit",Sedrick@mertie.tv,287,voluptas ad autem maxime iusto eos dolorem ducimus est,58,,
"est sed illo omnis delectus aut
laboriosam possimus incidunt est sunt at
nemo voluptas ex ipsam
voluptatibus inventore velit sit et numquam omnis accusamus in",Caleigh@eleanore.org,288,numquam eius voluptas quibusdam soluta exercitationem,58,,
"occaecati tempora unde
maiores aliquid in
quo libero sint quidem at est facilis ipsa facere
nostrum atque harum",Paolo@cristopher.com,289,voluptatem aut harum aut corporis dignissimos occaecati sequi quod,58,,
"pariatur veniam repellat quisquam tempore autem et voluptatem itaque
ea impedit ex molestiae placeat hic harum mollitia dolorem
inventore accusantium aut quae quia rerum autem numquam
nulla culpa quasi dolor",Juana_Stamm@helmer.com,290,suscipit debitis eveniet nobis atque commodi quisquam,58,,
"nisi dicta numquam dolor
rerum sed quaerat et
sed sequi doloribus libero quos temporibus
blanditiis optio est tempore qui",Pascale@fleta.ca,291,occaecati et dolorum,59,,
"eos officiis omnis ab laborum nulla saepe exercitationem recusandae
voluptate minima voluptatem sint
sunt est consequuntur dolor voluptatem odit
maxime similique deserunt et quod",Molly_Kertzmann@tristin.me,292,consequatur et facere similique beatae explicabo eligendi consequuntur,59,,
"fugiat dicta quasi voluptatibus ea aut est aspernatur sed
corrupti harum non omnis eos eaque quos ut
quia et et nisi rerum voluptates possimus quis
recusandae aperiam quia esse",Kailee.Larkin@amina.org,293,qui sint hic,59,,
"ut est veritatis animi quos
nam sed dolor
itaque omnis nostrum autem molestiae
aut optio tempora ad sapiente quae voluptatem perferendis repellat",Earnest.Sanford@lane.us,294,autem totam necessitatibus sit sunt minima aut quis,59,,
"voluptatem est aspernatur consequatur vel facere
ut omnis tenetur non ea eos
quibusdam error odio
atque consectetur voluptatem eligendi",Abigail@trudie.com,295,ullam dignissimos non aut dolore,59,,
"quasi dolorem veniam dignissimos
atque voluptas iure et quidem fugit velit et
quod magnam illum quia et ea est modi
aut quis dolores",Name.Walter@zoie.me,296,hic eum sed dolore velit cupiditate quisquam ut inventore,60,,
"eos exercitationem est ut voluptas accusamus qui
velit rerum ut
dolorem eaque omnis eligendi mollitia
atque ea architecto dolorum delectus accusamus",Norma@abraham.co.uk,297,dignissimos dolor facere,60,,
"molestiae accusantium a tempore occaecati qui sunt optio eos
exercitationem quas eius voluptatem
omnis quibusdam autem
molestiae odio dolor quam laboriosam mollitia in quibusdam sunt",Norberto_Weimann@ford.tv,298,ipsam ut labore voluptatem quis id velit sunt,60,,
"voluptatem omnis pariatur aut saepe enim qui
aut illo aut sed aperiam expedita debitis
tempore animi dolorem
ut libero et eos unde ex",Nelson@charlene.biz,299,laborum asperiores nesciunt itaque,60,,
"dolorem fugit quidem animi quas quisquam reprehenderit
occaecati et dolor laborum nemo sed quas unde deleniti
facere eligendi placeat aliquid aspernatur commodi sunt impedit
neque corrupti alias molestiae magni tempora",Letha@liliane.ca,300,in dolore iusto ex molestias vero,60,,
"dolore maxime saepe dolor asperiores cupiditate nisi nesciunt
vitae tempora ducimus vel eos perferendis
fuga sequi numquam blanditiis sit sed inventore et
ut possimus soluta voluptas nihil aliquid sed earum",Tiana@jeramie.tv,301,id voluptatibus voluptas occaecati quia sunt eveniet et eius,61,,
"fuga aut est delectus earum optio impedit qui excepturi
iusto consequatur deserunt soluta sunt
et autem neque
dolor ut saepe dolores assumenda ipsa eligendi",Lindsey@caitlyn.net,302,quia voluptatem sunt voluptate ut ipsa,61,,
"sit nesciunt id vitae ut itaque sapiente
neque in at consequuntur perspiciatis dicta consequatur velit
facilis iste ut error sed
in sequi expedita autem",Gregory.Kutch@shawn.info,303,excepturi itaque laudantium reiciendis dolorem,61,,
"minus ab quis nihil quia suscipit vel
perspiciatis sunt unde
aut ullam quo laudantium deleniti modi
rerum illo error occaecati vel officiis facere",Murphy.Kris@casimer.me,304,voluptatem quidem animi sit est nemo non omnis molestiae,61,,
"repellendus quae labore sunt ut praesentium fuga reiciendis quis
corporis aut quis dolor facere earum
exercitationem enim sunt nihil asperiores expedita
eius nesciunt a sit sit",Isidro_Kiehn@cristina.org,305,non cum consequatur at nihil aut fugiat delectus quia,61,,
"ab veritatis aspernatur molestiae explicabo ea saepe molestias sequi
beatae aut perferendis quaerat aut omnis illo fugiat
quisquam hic doloribus maiores itaque
voluptas amet dolorem blanditiis",Kenton_Carter@yolanda.co.uk,306,omnis nisi libero,62,,
"sit tenetur aut eum quasi reiciendis dignissimos non nulla
repellendus ut quisquam
numquam provident et repellendus eum nihil blanditiis
beatae iusto sed eius sit sed doloremque exercitationem nihil",Amos_Rohan@mozelle.tv,307,id ab commodi est quis culpa,62,,
"officiis ipsa exercitationem impedit dolorem repellat adipisci qui
atque illum sapiente omnis et
nihil esse et eum facilis aut impedit
maxime ullam et dolorem",Timothy_Heathcote@jose.name,308,enim ut optio architecto dolores nemo quos,62,,
"impedit qui nemo
reprehenderit sequi praesentium ullam veniam quaerat optio qui error
aperiam qui quisquam dolor est blanditiis molestias rerum et
quae quam eum odit ab quia est ut",Otilia.Daniel@elvie.io,309,maiores et quisquam,62,,
"quae quis qui ab rerum non hic
consequatur earum facilis atque quas dolore fuga ipsam
nihil velit quis
rerum sit nam est nulla nihil qui excepturi et",Toni@joesph.biz,310,sed qui atque,62,,
"officia provident libero explicabo tempora velit eligendi mollitia similique
rerum sit aut consequatur ullam tenetur qui est vero
rerum est et explicabo
sit sunt ea exercitationem molestiae",Brisa@carrie.us,311,veritatis nulla consequatur sed cumque,63,,
"ipsa id eum dolorum et officiis
saepe eos voluptatem
nesciunt quos voluptas temporibus dolores ad rerum
non voluptatem aut fugit",Jasen.Kihn@devon.biz,312,libero et distinctio repudiandae voluptatem dolores,63,,
"corporis quo magnam sunt rerum enim vel
repudiandae suscipit corrupti ut ab qui debitis quidem adipisci
distinctio voluptatibus vitae molestias incidunt laboriosam quia quidem facilis
quia architecto libero illum ut dicta",Efren.Konopelski@madisyn.us,313,quia enim et,63,,
"sunt cupiditate commodi est pariatur incidunt quis
suscipit saepe magnam amet enim
quod quis neque
et modi rerum asperiores consequatur reprehenderit maiores",Demetris.Bergnaum@fae.io,314,enim voluptatem quam,63,,
"repudiandae dolores nam quas
et incidunt odio dicta eum vero dolor quidem
dolorem quisquam cumque
molestiae neque maxime rerum deserunt nam sequi",Luella.Pollich@gloria.org,315,maxime nulla perspiciatis ad quo quae consequatur quas,63,,
"consequatur qui doloribus et rerum
debitis cum dolorem voluptate qui fuga
necessitatibus quod temporibus non voluptates
aut saepe molestiae",Sister.Morissette@adelia.io,316,totam est minima modi sapiente nobis impedit,64,,
"quam iste aut molestiae nesciunt modi
atque quo laudantium vel tempora quam tenetur neque aut
et ipsum eum nostrum enim laboriosam officia eligendi
laboriosam libero ullam sit nulla voluptate in",Shyanne@rick.info,317,iusto pariatur ea,64,,
"distinctio placeat nisi repellat animi
sed praesentium voluptatem
placeat eos blanditiis deleniti natus eveniet dolorum quia tempore
pariatur illum dolor aspernatur ratione tenetur autem ipsum fugit",Freeman.Dare@ada.name,318,vitae porro aut ex est cumque,64,,
"occaecati quia ipsa id fugit sunt velit iure adipisci
ullam inventore quidem dolorem adipisci optio quia et
quis explicabo omnis ipsa quo ut voluptatem aliquam inventore
minima aut tempore excepturi similique",Donnell@orland.org,319,et eos praesentium porro voluptatibus quas quidem explicabo est,64,,
"nihil consequatur dolorem voluptatem non molestiae
odit eum animi
ipsum omnis ut quasi
voluptas sed et et qui est aut",Robin@gaylord.biz,320,fugiat eos commodi consequatur vel qui quasi,64,,
"ea necessitatibus eum nesciunt corporis
minus in quisquam iste recusandae
qui nobis deleniti asperiores non laboriosam sunt molestiae dolore
distinctio qui officiis tempora dolorem ea",Danyka_Stark@jedidiah.name,321,rem ducimus ipsam ut est vero distinctio et,65,,
"id molestiae doloribus
omnis atque eius sunt aperiam
tenetur quia natus nihil sunt veritatis recusandae quia
corporis quam omnis veniam voluptas amet quidem illo deleniti",Margarita@casper.io,322,ipsam et commodi,65,,
"explicabo dicta quas cum quis rerum dignissimos et
magnam sit mollitia est dolor voluptas sed
ipsum et tenetur recusandae
quod facilis nulla amet deserunt",Carlo@cortney.net,323,et aut non illo cumque pariatur laboriosam,65,,
"ipsam eum ea distinctio
ducimus saepe eos quaerat molestiae
corporis aut officia qui ut perferendis
itaque possimus incidunt aut quis",Mina@nikita.tv,324,ut ut architecto vero est ipsam,65,,
"qui vero recusandae
porro esse sint doloribus impedit voluptatem commodi
asperiores laudantium ut dolores
praesentium distinctio magnam voluptatum aut",Violette@naomi.tv,325,odit sit numquam rerum porro dolorem,65,,
"perspiciatis vero nulla aut consequatur fuga earum aut
nemo suscipit totam vitae qui at omnis aut
incidunt optio dolorem voluptatem vel
assumenda vero id explicabo deleniti sit corrupti sit",Lauren.Hodkiewicz@jarret.info,326,voluptatem laborum incidunt accusamus,66,,
"consequatur ut aut placeat harum
quia perspiciatis unde doloribus quae non
ut modi ad unde ducimus omnis nobis voluptatem atque
magnam reiciendis dolorem et qui explicabo",Ernestina@piper.biz,327,quisquam necessitatibus commodi iure eum,66,,
"molestiae minima aut rerum nesciunt
vitae iusto consequatur architecto assumenda dolorum
non doloremque tempora possimus qui mollitia omnis
vitae odit sed",Hettie_Morar@wiley.info,328,temporibus ut vero quas,66,,
"nulla corrupti delectus est cupiditate explicabo facere
sapiente quo id quis illo culpa
ut aut sit error magni atque asperiores soluta
aut cumque voluptatem occaecati omnis aliquid",Corbin.Hilll@modesto.biz,329,quasi beatae sapiente voluptates quo temporibus,66,,
"dolores tenetur rerum et aliquam
culpa officiis ea rem neque modi quaerat deserunt
molestias minus nesciunt iusto impedit enim laborum perferendis
velit minima itaque voluptatem fugiat",Kenyatta@renee.io,330,illo ab quae deleniti,66,,
"maxime incidunt velit quam vel fugit nostrum veritatis
et ipsam nisi voluptatem voluptas cumque tempora velit et
et quisquam error
maiores fugit qui dolor sit doloribus",Don@cameron.co.uk,331,nemo cum est officia maiores sint sunt a,67,,
"voluptas iste deleniti
est itaque vel ea incidunt quia voluptates sapiente repellat
aut consectetur vel neque tempora esse similique sed
a qui nobis voluptate hic eligendi doloribus molestiae et",Jovan@aaliyah.tv,332,dicta vero voluptas hic dolorem,67,,
"et dolor error doloremque
odio quo sunt quod
est ipsam assumenda in veniam illum rerum deleniti expedita
voluptate hic nostrum sed dolor et qui",Jeanie.McGlynn@enoch.ca,333,soluta dicta pariatur reiciendis,67,,
"et voluptatibus est et aperiam quaerat voluptate eius quo
nihil voluptas doloribus et ea tempore
labore non dolorem
optio consequatur est id quia magni voluptas enim",Garett_Gusikowski@abigale.me,334,et adipisci laboriosam est modi,67,,
"hic et et aspernatur voluptates voluptas ut ut id
excepturi eligendi aspernatur nulla dicta ab
suscipit quis distinctio nihil
temporibus unde quasi expedita et inventore consequatur rerum ab",Doug@alana.co.uk,335,voluptatem accusantium beatae veniam voluptatem quo culpa deleniti,67,,
"similique autem voluptatem ab et et
odio animi repellendus libero voluptas voluptas quia
libero facere saepe nobis
consequatur et qui non hic ea maxime nihil",Yoshiko@viviane.name,336,eveniet eligendi nisi sunt a error blanditiis et ea,68,,
"est ut aut ut omnis distinctio
illum quisquam pariatur qui aspernatur vitae
dolor explicabo architecto veritatis ipsa et aut est molestiae
ducimus et sapiente error sed omnis",Micaela_Bins@mertie.us,337,beatae esse tenetur aut est,68,,
"maiores totam quo atque
explicabo perferendis iste facilis odio ab eius consequatur
sit praesentium ea vitae optio minus
voluptate necessitatibus omnis itaque omnis qui",Loy@gillian.me,338,qui sit quo est ipsam minima neque nobis,68,,
"dicta dolorem veniam ipsa harum minus sequi
omnis quia voluptatem autem
est optio doloribus repellendus id commodi quas exercitationem eum
et eum dignissimos accusamus est eaque doloremque",Tyrel@hunter.net,339,accusantium et sit nihil quibusdam voluptatum provident est qui,68,,
"est aut consequatur error illo ut
enim nihil fuga
suscipit inventore officiis iure earum pariatur temporibus in
aperiam qui quod vel necessitatibus velit eos exercitationem culpa",Otilia.Schuppe@randal.com,340,rerum et quae tenetur soluta voluptatem tempore laborum enim,68,,
"iure ea ea neque est
esse ab sed hic et ullam sed sequi a
non hic tenetur sunt enim ea
laudantium ea natus",April@larissa.co.uk,341,sunt ut voluptatem cupiditate maxime dolores eligendi,69,,
"quis beatae qui
sequi dicta quas et dolor
non enim aspernatur excepturi aut rerum asperiores
aliquid animi nulla ea tempore esse",Glenna_Waters@retha.me,342,corporis at consequuntur consequatur,69,,
"ea alias eos et corrupti
voluptatem ab incidunt
voluptatibus voluptas ea nesciunt
totam corporis dolor recusandae voluptas harum",Cordelia.Oberbrunner@peyton.com,343,repellat sed consequatur suscipit aliquam,69,,
"iusto nihil quae rerum laborum recusandae voluptatem et necessitatibus
ut deserunt cumque qui qui
non et et eos adipisci cupiditate dolor sed voluptates
maiores commodi eveniet consequuntur",Zander@santino.net,344,blanditiis rerum voluptatem quaerat modi saepe ratione assumenda qui,69,,
"omnis et fugit eos sint saepe ipsam unde est
dolores sit sit assumenda laboriosam
dolor deleniti voluptatem id nesciunt et
placeat dolorem cumque laboriosam sunt non",Camila_Runolfsdottir@tressa.tv,345,ut deleniti autem ullam quod provident ducimus enim explicabo,69,,
"quas non magnam
quia veritatis assumenda reiciendis
similique dolores est ab
praesentium fuga ut",Kirstin@tina.info,346,beatae in fuga assumenda dolorem accusantium blanditiis mollitia,70,,
"consectetur illo corporis sit labore optio quod
qui occaecati aut sequi quia
officiis quia aut odio quo ad
rerum tenetur aut quasi veniam",Anthony.Koepp@savannah.tv,347,tenetur id delectus recusandae voluptates quo aut,70,,
"perferendis dignissimos soluta ut provident sit et
delectus ratione ad sapiente qui excepturi error qui quo
quo illo commodi
rerum maxime voluptas voluptatem",Bradley.Lang@marilyne.tv,348,molestias natus autem quae sint qui,70,,
"dicta impedit non
et laborum laudantium qui eaque et beatae suscipit
sequi magnam rem dolorem non quia vel adipisci
corrupti officiis laudantium impedit",Loren@aric.biz,349,odio maiores a porro dolorum ut pariatur inventore,70,,
"eaque rerum tempore distinctio
consequatur fugiat veniam et incidunt ut ut et
consequatur blanditiis magnam
doloremque voluptate ut architecto facere in dolorem et aut",Arjun@natalie.ca,350,eius quia pariatur,70,,
"quo nisi impedit velit repellendus esse itaque ut saepe
voluptatibus occaecati ab eaque dolores
maxime alias velit ducimus placeat sit laudantium quia
corrupti doloremque ut",Solon.Goldner@judah.org,351,quia ex perspiciatis sunt voluptatem quidem,71,,
"dolorem eius voluptatem vitae aliquid unde labore est
molestiae labore dolorem beatae voluptatem soluta eum eos dolore
et ea quasi aut doloribus sint
vel suscipit tempora delectus soluta",Nina@osbaldo.name,352,sit ipsam voluptatem velit,71,,
"nemo aut laborum expedita nisi sed illum
ab asperiores provident
a sunt recusandae ut rerum itaque est voluptatibus nihil
esse ipsum et repellendus nobis rerum voluptas et",Madaline@marlin.org,353,consequatur reprehenderit similique vitae dolor debitis,71,,
"delectus est consequatur
at excepturi asperiores dolor nesciunt ad
id non aut ad ut
non et voluptatem",Mike.Kozey@gladyce.us,354,eligendi tempora eum deserunt,71,,
"vel cumque labore vitae quisquam magnam sequi ut
molestiae dolores vel minus aut
quas repellat nostrum fugit molestiae veritatis sequi
vel quidem in molestiae id doloribus sed",Orval.Treutel@arnold.me,355,reiciendis ad ea,71,,
"fugiat dolore voluptas tempore
aspernatur quibusdam rem iste sit fugiat nesciunt consequatur
dolor sed odit similique minima corporis quae in adipisci
impedit dolores et cupiditate accusantium perferendis dignissimos error",Trent@samir.net,356,qui vel id qui est,72,,
"et eos est quis quia molestiae est
quasi est quos omnis
aut et sit consectetur ex molestiae
est sed accusamus asperiores",Ashleigh@annette.ca,357,consectetur totam fugit et occaecati minima aliquid hic adipisci,72,,
"unde ad id nemo ipsam dolorem autem quaerat
perspiciatis voluptas corrupti laborum rerum est architecto
eius quos aut et voluptate voluptatem atque necessitatibus
voluptate fugiat aut iusto et atque",Douglas@anabel.org,358,accusantium natus ex et consequuntur neque,72,,
"et explicabo voluptatem ut est nihil culpa et
veritatis repellendus ipsum velit qui eligendi maxime voluptatem est
dicta rerum et et nemo quia
eveniet aspernatur nostrum molestiae mollitia ut dolores rem fugiat",Lowell@mossie.com,359,esse quia quidem quisquam consequatur nisi deleniti,72,,
"sit et aut recusandae
corrupti nisi vero eius nulla voluptates
voluptatem placeat est commodi impedit odio omnis
similique debitis et in molestiae omnis sed non magni",Jacquelyn@kristian.net,360,rerum tempore facilis ut quod sit,72,,
"cum ad porro fuga sequi dolores
ipsa error magni itaque labore accusamus
corporis odit consequatur quis debitis
cum et voluptas facilis incidunt ut itaque dolores error",Antwon@domenico.me,361,voluptates qui et corporis,73,,
"excepturi omnis occaecati officiis enim saepe id
non quo et dignissimos voluptates ipsum
molestias facere dolorem qui iure similique corrupti
neque ducimus sit alias dolor earum autem doloribus consequatur",Kenyon@retha.me,362,quia qui quia qui,73,,
"est magni totam est
et enim nam voluptas veritatis est
sint doloremque incidunt et cum a
et eligendi nobis ratione delectus",Ben@elouise.net,363,nihil consequatur quibusdam,73,,
"architecto quo enim ad et reprehenderit
laboriosam quia commodi officia iusto
dolorem totam consequuntur cupiditate
veritatis voluptates aspernatur earum saepe et sed consequatur",Madisen.Hauck@barney.co.uk,364,vel architecto assumenda et maiores,73,,
"modi sed aut quidem quisquam optio est
aut facilis sit quia quis facere quod
fugiat recusandae ex et quisquam ipsum sed sit
exercitationem quia recusandae dolorem quasi iusto ipsa qui et",Dock.Parker@roy.biz,365,aliquam officiis omnis,73,,
"explicabo perspiciatis quae sit qui nulla incidunt facilis
repudiandae perspiciatis voluptate expedita sunt consectetur quasi
id occaecati nesciunt dolorem aliquid perspiciatis repellat inventore esse
ut possimus exercitationem facere modi",Pablo.Ritchie@tyrique.co.uk,366,aperiam ut deserunt minus quo dicta nisi,74,,
"nostrum modi et et dolores maxime facere
alias doloribus eaque expedita et similique voluptatum magnam est
omnis eos voluptatem
et unde fugit voluptatem asperiores",Sebastian_Gaylord@freda.org,367,praesentium eos quam eius optio eveniet,74,,
"est dolor eveniet
est minus eveniet recusandae
iure quo aut eos ut sed ipsa
harum earum aut nesciunt non dolores",Lazaro@nadia.ca,368,fugiat aliquid sint,74,,
"qui fugit accusamus
et quo minus cumque hic adipisci
odio blanditiis omnis et est
architecto et facilis inventore quasi provident quaerat ex rem",Jessy.Boyle@vernice.biz,369,qui incidunt vel iusto eligendi amet quia qui,74,,
"beatae hic est et deserunt eius
corrupti quam ut commodi sit modi est corporis animi
harum ut est
aperiam non fugit excepturi quo tenetur totam",Mitchel@hal.co.uk,370,libero vero voluptatum sed facilis quos aut reprehenderit ad,74,,
"est dicta totam architecto et minus id aut non
ut et fugit eaque culpa modi repellendus
aliquid qui veritatis doloribus aut consequatur voluptas sequi accusantium
voluptas occaecati saepe reprehenderit ut",Lindsay@kiley.name,371,ut quia sequi sed eius voluptas,75,,
"aut illum est asperiores
rerum laboriosam quis sit dolores magni minima fuga atque
omnis at et quibusdam earum rem
earum distinctio autem et enim dolore eos",Erika.Murazik@jorge.me,372,qui cumque eos consequatur fuga ut,75,,
"iure aliquid qui sit
excepturi dolorem rerum possimus suscipit atque nisi
labore ut aut nihil voluptatum ut aliquid praesentium
assumenda tempore dolor velit ratione et corrupti",Olin@edmund.ca,373,nemo voluptatum quo qui atque,75,,
"eligendi et consequuntur dolor nihil quaerat doloremque ut
dignissimos sunt veniam non ratione esse
debitis omnis similique maxime dolores tempora laborum rerum adipisci
reiciendis explicabo error quidem quo necessitatibus voluptatibus vitae ipsum",Lacey@novella.biz,374,quam exercitationem alias totam,75,,
"non ea sed reprehenderit reiciendis eaque et neque adipisci
ipsa architecto deserunt ratione nesciunt tempore similique occaecati non
hic vitae sit neque
rerum quod dolorem ratione esse aperiam necessitatibus",Sister@miller.net,375,similique doloribus odit quas magnam omnis dolorem dolore et,75,,
"sint qui aut aspernatur necessitatibus
laboriosam autem occaecati nostrum non
officiis consequuntur odit
et itaque quam placeat aut molestiae saepe veniam provident",Raphaelle@miller.com,376,dolorem qui architecto provident,76,,
"sint fugit et
id et saepe non molestiae sit earum doloremque
dolorem nemo earum dignissimos ipsa soluta deleniti quos
quis numquam ducimus sed corporis dolores sed quisquam suscipit",Jaren.Schiller@augusta.org,377,nemo hic sapiente placeat quidem omnis,76,,
"est molestiae non fugiat voluptatem quo porro
aut praesentium ipsam aspernatur perferendis fuga
officia sit ut
aspernatur rerum est",Nikko_Reynolds@harry.me,378,vitae aut perspiciatis quia enim voluptas,76,,
"laboriosam quia animi ut
quasi aut enim sequi numquam similique fugiat voluptatum non
sed velit quod nisi id quidem
magni in eveniet hic",Afton.Medhurst@mina.info,379,est qui quos exercitationem,76,,
"voluptatum quis ipsa voluptatem saepe est
illum error repellat eaque dolor quae qui
eum rerum sunt quam illo
voluptates fuga possimus nemo nihil distinctio",Wilson.Nikolaus@fredrick.org,380,similique fugiat tenetur ea incidunt numquam,76,,
"consequatur possimus sit itaque distinctio fugit aut quod
explicabo exercitationem voluptas labore rerum
porro ut in voluptas maiores tempora accusantium
voluptatum et sapiente sit quas quis et veniam",Tomasa@lee.us,381,sint porro optio voluptatem,77,,
"eaque eius delectus molestias suscipit nulla quisquam
totam vel quos et autem sed
eligendi et pariatur earum molestias magnam autem
placeat culpa est et qui commodi illo et",Ally_Kassulke@rashad.ca,382,eius itaque ut ipsa quia quis labore,77,,
"qui quaerat id repellendus aut qui
maiores quidem consequatur dignissimos deleniti deserunt eveniet libero a
repellat ducimus quia aut dignissimos numquam molestiae
consequatur sit impedit nostrum et sunt iure",Reagan_Ziemann@ross.io,383,provident voluptas perferendis quibusdam libero,77,,
"blanditiis dolor sint nulla cum quidem aliquid voluptatem
perferendis dolor consequatur voluptas et ut quisquam tempora tenetur
maxime minus animi qui id
eum accusantium et optio et blanditiis maxime",Angelita@sally.org,384,et et voluptas et eligendi distinctio accusantium temporibus enim,77,,
"sit fugiat est autem quia ipsam error ab
voluptatem sed ab labore molestiae qui debitis exercitationem
non et sunt officia illo possimus iste tenetur est
dolores voluptas ad aspernatur nihil",Lonzo@lorena.org,385,qui voluptates molestias necessitatibus eos odio quo minima,77,,
"et dicta dolores sit
repudiandae id harum temporibus
voluptas quia blanditiis numquam a enim quae
quisquam assumenda nam doloribus vel temporibus distinctio eveniet dolores",Alexandre@derrick.co.uk,386,temporibus minus debitis deleniti repellat unde eveniet,78,,
"qui recusandae veniam sed voluptatem ullam facilis consequatur
numquam ut quod aut et
non alias ex quam aut quasi ipsum praesentium
ut aspernatur sit",Judd@lucinda.ca,387,magnam nihil delectus dolor natus ab ea et,78,,
"facilis et totam
voluptatibus est optio cum
facilis qui aut blanditiis rerum voluptatem accusamus
et omnis quasi sint",Eleanora@karson.net,388,laudantium quibusdam blanditiis pariatur non vero deleniti a perferendis,78,,
"dolore nihil perferendis
dolor hic repudiandae iste
doloribus labore quaerat et molestiae dolores sit excepturi sint
et eum et aut",Enrico_Feil@liana.biz,389,excepturi nam cum molestiae et totam voluptatem nisi,78,,
"dolor ratione ab repellendus aut quia reiciendis sed
est alias ex
odio voluptatem velit odit tempora nihil optio aperiam blanditiis
labore porro id velit dolor veritatis",Beverly@perry.org,390,temporibus aut et,78,,
"aut repellat tenetur delectus eaque est nihil consequatur quae
deleniti assumenda voluptates sit sit cupiditate maiores
autem suscipit sint tenetur dolor tempore
dolorem dolorum alias adipisci",Corene_Mante@rory.com,391,sed ratione nesciunt odit expedita,79,,
"aut aut ea ut repudiandae ea assumenda laboriosam
sunt qui laboriosam dicta omnis sit corporis
voluptas eos amet quam quisquam officiis facilis laborum
voluptatibus accusantium ab aliquid sed id doloremque",Emily_Flatley@ephraim.name,392,rerum officiis qui quaerat omnis dolorem iure est repudiandae,79,,
"et quia explicabo
ut hic commodi quas provident aliquam nihil
vitae in voluptatem commodi
vero velit optio omnis accusamus corrupti voluptatem",Donna@frederik.com,393,illo quis nostrum accusantium architecto et aliquam ratione,79,,
"voluptatem quisquam pariatur voluptatum qui quaerat
et minus ea aliquam ullam dolorem consequatur
ratione at ad nemo aperiam excepturi deleniti
qui numquam quis hic nostrum tempora quidem",Kyleigh@ruben.org,394,reprehenderit eos voluptatem ut,79,,
"esse vel reiciendis nobis inventore vero est
fugit inventore ea quo consequatur aut
autem deserunt ratione et repellendus nihil quam
quidem iure est nihil mollitia",Noemy.Hammes@lisette.net,395,excepturi esse laborum ut qui culpa,79,,
"perferendis veritatis saepe voluptatem
eum voluptas quis
sed occaecati nostrum
fugit animi omnis ratione molestias",Margarett_Jenkins@harley.us,396,qui eos vitae possimus reprehenderit voluptatem voluptatem repellendus,80,,
"ut nisi sunt perspiciatis qui doloribus quas
velit molestiae atque corrupti corporis voluptatem
vel ratione aperiam tempore est eos
quia a voluptas",Dexter.Pacocha@lauren.biz,397,quasi exercitationem molestias dolore non non sed est,80,,
"libero atque accusamus blanditiis minima eveniet corporis est aliquid
dolores asperiores neque quibusdam quaerat error esse non
qui et adipisci
magni illo hic qui qui dignissimos earum",Gennaro@jaunita.co.uk,398,labore consequuntur vel qui,80,,
"corrupti ut et eveniet culpa
veritatis eos sequi fugiat commodi consequuntur
ipsa totam voluptatem perferendis ducimus aut exercitationem magni
eos mollitia quia",Jaycee@aimee.us,399,sunt ut eos,80,,
"natus iure velit impedit sed officiis sint
molestiae non beatae
illo consequatur minima
sed ratione est tenetur",Brennon@carmela.tv,400,quia aut consequatur sunt iste aliquam impedit sit,80,,
"sit delectus recusandae qui
et cupiditate sed ipsum culpa et fugiat ab
illo dignissimos quo est repellat dolorum neque
voluptates sed sapiente ab aut rerum enim sint voluptatum",Vella.Mayer@colten.net,401,cum voluptate sint voluptas veritatis,81,,
"et nisi fugit totam
maiores voluptatibus quis ipsa sunt debitis assumenda
ullam non quasi numquam ut dolores modi recusandae
ut molestias magni est voluptas quibusdam corporis eius",Caleb_Dach@kathleen.us,402,ut eos mollitia eum eius,81,,
"et a et perspiciatis
autem expedita maiores dignissimos labore minus molestiae enim
et ipsam ea et
perspiciatis veritatis debitis maxime",Patience_Bahringer@dameon.biz,403,architecto voluptatum eos blanditiis aliquam debitis beatae nesciunt dolorum,81,,
"modi est et eveniet facilis explicabo
voluptatem saepe quo et sint quas quia corporis
pariatur voluptatibus est iste fugiat delectus animi rerum
doloribus est enim",Destinee.Simonis@jose.tv,404,officia qui ut explicabo eos fugit,81,,
"aut aut sit cupiditate maxime praesentium occaecati cumque
vero sint sit aliquam porro quo consequuntur ut
numquam qui maxime voluptas est consequatur ullam
tenetur commodi qui consectetur distinctio eligendi atque",Keshaun@brown.biz,405,incidunt commodi voluptatem maiores asperiores blanditiis omnis ratione,81,,
"dicta in quam tenetur
sed molestiae a sit est aut quia autem aut
nam voluptatem reiciendis corporis voluptatem
sapiente est id quia explicabo enim tempora asperiores",Merle.Schultz@marcel.org,406,sint eaque rerum voluptas fugiat quia qui,82,,
"totam ad quia non vero dolor laudantium sed temporibus
quia aperiam corrupti sint accusantium eligendi
aliquam rerum voluptatem delectus numquam nihil
soluta qui sequi nisi voluptatum eaque voluptas animi ipsam",Malvina_Fay@louie.name,407,eius tempora sint reprehenderit,82,,
"suscipit quidem fugiat consequatur
quo sequi nesciunt
aliquam ratione possimus
voluptatem sit quia repellendus libero excepturi ut temporibus",Domenick_Douglas@gabe.us,408,non excepturi enim est sapiente numquam repudiandae illo,82,,
"provident illo quis dolor distinctio laborum eius enim
suscipit quia error enim eos consequuntur
est incidunt adipisci beatae tenetur excepturi in labore commodi
fugiat omnis in et at nam accusamus et",Isaac@allene.net,409,dicta dolor voluptate vel praesentium,82,,
"in consequatur corporis qui a et magni eum illum
corrupti veniam debitis ab iure harum
enim ut assumenda cum adipisci veritatis et veniam
rem eius expedita quos corrupti incidunt",Marianna.Pacocha@george.net,410,et dolore hic a cupiditate beatae natus iusto soluta,82,,
"nam voluptatem ex aut voluptatem mollitia sit sapiente
qui hic ut
qui natus in iste et magnam dolores et fugit
ea sint ut minima quas eum nobis at reprehenderit",Sister_Barton@lela.com,411,hic rem eligendi tenetur ipsum dolore maxime eum,83,,
"veniam non culpa aut voluptas rem eum officiis
mollitia placeat eos cum
consequatur eos commodi dolorem
animi maiores qui",Autumn.Lebsack@kasandra.ca,412,quaerat et quia accusamus provident earum cumque,83,,
"consequatur harum est omnis
qui recusandae qui voluptatem et distinctio sint eaque
dolores quo dolorem asperiores
aperiam non quis asperiores aut praesentium",Irma.OKon@arden.me,413,atque porro quo voluptas,83,,
"molestias debitis magni illo sint officiis ut quia
sed tenetur dolorem soluta
voluptatem fugiat voluptas molestiae magnam fuga
similique enim illum voluptas aspernatur officia",Alaina_Hammes@carter.info,414,ut qui voluptatem hic maxime,83,,
"iure vitae accusamus tenetur autem ipsa deleniti
sunt laudantium ut beatae repellendus non eos
ut consequuntur repudiandae ducimus enim
reiciendis rem explicabo magni dolore",Alia@addison.org,415,rerum consequatur ut et voluptate harum amet accusantium est,83,,
"enim velit consequatur excepturi corporis voluptatem nostrum
nesciunt alias perspiciatis corporis
neque at eius porro sapiente ratione maiores natus
facere molestiae vel explicabo voluptas unde",Aurelie_McKenzie@providenci.biz,416,neque nemo consequatur ea fugit aut esse suscipit dolore,84,,
"et vitae consectetur ut voluptatem
et et eveniet sit
incidunt tenetur voluptatem
provident occaecati exercitationem neque placeat",May_Steuber@virgil.net,417,quia reiciendis nobis minima quia et saepe,84,,
"animi est eveniet officiis qui
aperiam dolore occaecati enim aut reiciendis
animi ad sint labore blanditiis adipisci voluptatibus eius error
omnis rerum facere architecto occaecati rerum",Tessie@emilie.co.uk,418,nesciunt voluptates amet sint et delectus et dolore culpa,84,,
"cum neque recusandae occaecati aliquam reprehenderit ullam saepe veniam
quasi ea provident tenetur architecto ad
cupiditate molestiae mollitia molestias debitis eveniet doloremque voluptatem aut
dolore consequatur nihil facere et",Priscilla@colten.org,419,omnis voluptate dolorem similique totam,84,,
"voluptas cum eum minima rem
dolorem et nemo repellendus voluptatem sit
repudiandae nulla qui recusandae nobis
blanditiis perspiciatis dolor ipsam reprehenderit odio",Aylin@abigale.me,420,aut recusandae a sit voluptas explicabo nam et,84,,
"voluptate libero corrupti facere totam eaque consequatur nemo
enim aliquid exercitationem nulla dignissimos illo
est amet non iure
amet sed dolore non ipsam magni",Holden@kenny.io,421,non eligendi ipsam provident,85,,
"ducimus ut ut fugiat nesciunt labore
deleniti non et aut voluptatum quidem consectetur
incidunt voluptas accusantium
quo fuga eaque quisquam et et sapiente aut",Guillermo_Dare@dorothea.tv,422,sit molestiae corporis,85,,
"rerum laborum voluptas ipsa enim praesentium
quisquam aliquid perspiciatis eveniet id est est facilis
atque aut facere
provident reiciendis libero atque est",Oscar@pearline.com,423,assumenda iure a,85,,
"ducimus hic ea velit
dolorum soluta voluptas similique rerum
dolorum sint maxime et vel
voluptatum nesciunt et id consequatur earum sed",Jonathon_Feest@maxime.io,424,molestiae dolores itaque dicta earum eligendi dolores,85,,
"labore necessitatibus et eum quas id ut
doloribus aspernatur nostrum sapiente quo aut quia
eos rerum voluptatem
numquam minima soluta velit recusandae ut",Micah_Wolf@lennie.co.uk,425,cumque expedita consequatur qui,85,,
"reiciendis consequatur sunt atque quisquam ut sed iure
consequatur laboriosam dicta odio
quas cumque iure blanditiis ad sed ullam dignissimos
sunt et exercitationem saepe",Shany@daisha.biz,426,deleniti tempora non quia et aut,86,,
"in laborum et distinctio nobis maxime
maxime id commodi eaque enim amet qui autem
debitis et porro eum dicta sapiente iusto nulla sunt
voluptate excepturi sint dolorem voluptatem quae explicabo id",Drew_Lemke@alexis.net,427,delectus illum minus odit,86,,
"excepturi quos omnis aliquam voluptatem iste
sit unde ab quam ipsa delectus culpa rerum
cum delectus impedit ut qui modi
asperiores qui sapiente quia facilis in iure",Karina.Donnelly@liam.com,428,voluptas dolores dolor nisi voluptatem ratione rerum,86,,
"ab voluptatem nobis unde
doloribus aut fugiat
consequuntur laboriosam minima inventore sint quis
delectus hic et enim sit optio consequuntur",Ahmed_Runolfsson@claire.name,429,sed omnis dolore aperiam,86,,
"debitis ut maiores ut harum sed voluptas
quae amet eligendi quo quidem odit atque quisquam animi
ut autem est corporis et
sed tempora facere corrupti magnam",Marilou_Halvorson@kane.io,430,sint ullam alias et at et,86,,
"voluptas minus fugiat vel
est quos soluta et veniam quia incidunt unde ut
laborum odio in eligendi distinctio odit repellat
nesciunt consequatur blanditiis cupiditate consequatur at et",Bernie.Schoen@seamus.co.uk,431,velit incidunt ut accusantium odit maiores quaerat,87,,
"quam et et harum
placeat minus neque quae magni inventore saepe deleniti quisquam
suscipit dolorum error aliquid dolores
dignissimos dolorem autem natus iste molestiae est id impedit",Joesph@darryl.net,432,quod quia nihil nisi perferendis laborum blanditiis tempora eos,87,,
"voluptatem minus asperiores quasi
perspiciatis et aut blanditiis illo deserunt molestiae ab aperiam
ex minima sed omnis at
et repellat aut incidunt",Timmothy.Corwin@augustus.co.uk,433,qui ea voluptatem reiciendis enim enim nisi aut,87,,
"ex eum at culpa quam aliquam
cupiditate et id dolorem sint quasi et quos et
omnis et qui minus est quisquam non qui rerum
quas molestiae tempore veniam",Julien_OHara@vance.io,434,doloremque eligendi quas voluptatem non quos ex,87,,
"reprehenderit molestias sit nemo quas culpa dolorem exercitationem
eos est voluptatem dolores est fugiat dolorem
eos aut quia et amet et beatae harum vitae
officia quia animi dicta magnam accusantium",Susan.Bartell@euna.org,435,id voluptatum nulla maiores ipsa eos,87,,
"sit non facilis commodi sapiente officiis aut facere libero
sed voluptatum eligendi veniam velit explicabo
sint laborum sunt reprehenderit dolore id nobis accusamus
fugit voluptatem magni dolor qui dolores ipsa",Selena.Quigley@johan.co.uk,436,ea illo ab et maiores eaque non nobis,88,,
"suscipit ab qui eos et commodi
quas ad maiores repellat laboriosam voluptatem exercitationem
quibusdam ullam ratione nulla
quia iste error dolorem consequatur beatae temporibus fugit",Clifton_Boehm@jacynthe.io,437,magni asperiores in cupiditate,88,,
"voluptas aspernatur eveniet
quod id numquam dolores quia perspiciatis eum
et delectus quia occaecati adipisci nihil velit accusamus esse
minus aspernatur repudiandae",Lizzie_Bartell@diamond.net,438,ullam autem aliquam,88,,
"cupiditate laborum sit reprehenderit ratione est ad
corporis rem pariatur enim et omnis dicta
nobis molestias quo corporis et nihil
sed et impedit aut quisquam natus expedita voluptate at",Yasmeen@golda.ca,439,voluptates quasi minus dolorem itaque nemo,88,,
"ut nam ut asperiores quis
exercitationem aspernatur eligendi autem repellendus
est repudiandae quisquam rerum ad explicabo suscipit deserunt eius
alias aliquid eos pariatur rerum magnam provident iusto",Adolf.Russel@clark.ca,440,adipisci sapiente libero beatae quas eveniet,88,,
"illum qui quis optio
quasi eius dolores et non numquam et
qui necessitatibus itaque magnam mollitia earum et
nisi voluptate eum accusamus ea",Elian@matilda.me,441,nisi qui voluptates recusandae voluptas assumenda et,89,,
"velit ut incidunt accusantium
suscipit animi officia iusto
nemo omnis sunt nobis repellendus corporis
consequatur distinctio dolorem",Salma@francis.net,442,sed molestias sit voluptatibus sit aut alias sunt inventore,89,,
"reiciendis et distinctio qui totam non aperiam voluptas
veniam in dolorem pariatur itaque
voluptas adipisci velit
qui voluptates voluptas ut ullam veritatis repudiandae",Orlando_Dickinson@vern.org,443,illum pariatur aliquam esse nisi voluptas quisquam ea,89,,
"eligendi labore aut non modi vel facere qui
accusamus qui maxime aperiam
totam et non ut repudiandae eum corrupti pariatur quia
necessitatibus et adipisci ipsa consequuntur enim et nihil vero",Elda@orval.name,444,incidunt aut qui quis est sit corporis pariatur qui,89,,
"est consequuntur cumque
quo dolorem at ut dolores
consequatur quia voluptates reiciendis
vel rerum id et",Dennis@karley.net,445,temporibus adipisci eveniet libero ullam,89,,
"cum fugit earum vel et nulla et voluptatem
et ipsam aut
et nihil officia nemo eveniet accusamus
nulla aut impedit veritatis praesentium",Jedediah@mason.io,446,dicta excepturi aut est dolor ab dolores rerum,90,,
"rerum omnis voluptatem harum aliquid voluptas accusamus
eius dicta animi
odio non quidem voluptas tenetur
nostrum deserunt laudantium culpa dolorum",Maryam@jack.name,447,molestiae qui quod quo,90,,
"odio maxime beatae ab labore rerum
alias ipsa nam est nostrum
et debitis aut
ab molestias assumenda eaque repudiandae",Rick@carlos.tv,448,pariatur consequatur sit commodi aliquam,90,,
"dolor at accusantium eveniet
in voluptatem quam et fugiat et quasi dolores
sunt eligendi voluptatum id voluptas vitae
quibusdam iure eum perspiciatis",Vallie@jerrod.net,449,sunt quia soluta quae sit deleniti dolor ullam veniam,90,,
"et provident quo necessitatibus harum excepturi
sed est ut sed est doloremque labore quod
quia optio explicabo adipisci magnam doloribus
veritatis illo aut est inventore",Adolph.Hayes@isobel.biz,450,dolorem corporis facilis et,90,,
"dolor veritatis ipsum accusamus quae voluptates sint voluptatum et
harum saepe dolorem enim
expedita placeat qui quidem aut et et est
minus odit qui possimus qui saepe",Duane_Dach@demario.us,451,maiores ut dolores quo sapiente nisi,91,,
"ratione sequi sed
earum nam aut sunt
quam cum qui
similique consequatur et est",General@schuyler.org,452,quia excepturi in harum repellat consequuntur est vel qui,91,,
"quidem nisi reprehenderit eligendi fugiat et et
sapiente adipisci natus nulla similique et est
esse ea accusantium sunt
deleniti molestiae perferendis quam animi similique ut",Stephania_Stanton@demond.biz,453,doloremque ut est eaque,91,,
"consequatur accusamus maiores dolorem impedit repellendus voluptas rerum eum
quam quia error voluptatem et
dignissimos fugit qui
et facilis necessitatibus dignissimos consequatur iusto nihil possimus",Reinhold.Schiller@kelly.info,454,magni quos voluptatibus earum et inventore suscipit,91,,
"animi qui nostrum rerum velit
voluptates sit in laborum dolorum omnis ut omnis
ea optio quia necessitatibus delectus molestias sapiente perferendis
dolores vel excepturi expedita",Royce@jaiden.co.uk,455,assumenda qui et aspernatur,91,,
"sunt ipsam illum consequuntur
quasi enim possimus unde qui beatae quo eligendi
vel quia asperiores est quae voluptate
aperiam et iste perspiciatis",Cassie@diana.org,456,quod voluptatem qui qui sit sed maiores fugit,92,,
"incidunt itaque enim pariatur quibusdam voluptatibus blanditiis sint
error laborum voluptas sed officiis molestiae nostrum
temporibus culpa aliquam sit
consectetur dolores tempore id accusantium dignissimos vel",Jena.OKeefe@adonis.net,457,ipsa animi saepe veritatis voluptatibus ad amet id aut,92,,
"eos hic deserunt necessitatibus sed id ut esse nam
hic eveniet vitae corrupti mollitia doloremque sit ratione
deleniti perspiciatis numquam est sapiente quaerat
est est sit",Magdalen@holly.io,458,fugiat consectetur saepe dicta,92,,
"veniam natus aut vero et aliquam doloremque
alias cupiditate non est
tempore et non vel error placeat est quisquam ea
non dolore aliquid non fuga expedita dicta ut quos",Nyah@otho.com,459,nesciunt numquam alias doloremque minus ipsam optio,92,,
"qui qui deserunt expedita at
provident sequi veritatis sit qui nam tempora mollitia ratione
corporis vitae rerum pariatur unde deleniti ut eos ad
aut non quae nisi saepe",Kara_Stokes@connie.co.uk,460,eum fugit omnis optio,92,,
"eos quidem temporibus eum
est ipsa sunt illum a facere
omnis suscipit dolorem voluptatem incidunt
tenetur deleniti aspernatur at quis",Conner@daron.info,461,perferendis nobis praesentium accusantium culpa et et,93,,
"adipisci et accusantium hic deserunt voluptates consequatur omnis
quod dolorem voluptatibus quis velit laboriosam mollitia illo et
iure aliquam dolorem nesciunt laborum
aperiam labore repellat et maxime itaque",Nathanael@jada.org,462,assumenda quia sint,93,,
"voluptate officiis nihil laudantium sint autem adipisci
aspernatur voluptas debitis nam omnis ut non eligendi
aliquam vel commodi velit officiis laboriosam corporis
quas aliquid aperiam autem",Nicklaus@talon.io,463,cupiditate quidem corporis totam tenetur rem nesciunt et,93,,
"consequatur aliquam illum quis
facere vel voluptatem rem sint atque
in nam autem impedit dolores enim
soluta rem adipisci odit sint voluptas aliquam",Jerald@laura.io,464,quisquam quaerat rerum dolor asperiores doloremque,93,,
"ex corrupti ut pariatur voluptas illo labore non voluptates
voluptas sint et est impedit cum
in fugiat cumque eum id rerum error
ut rerum voluptates facilis molestiae et labore voluptatem corrupti",Jamey_Dare@johnny.org,465,est sunt est nesciunt distinctio quaerat reprehenderit in vero,93,,
"aut dignissimos eos facere velit totam
eaque aut voluptas ex similique ut ipsa est
voluptates ut tempora
quis commodi officia et consequatur cumque delectus",Brant@yasmin.co.uk,466,impedit autem distinctio omnis ipsam voluptas eaque,94,,
"deleniti fuga hic autem
sed rerum non voluptate sit totam consequuntur illo
quasi quod aut ducimus dolore distinctio molestias
non velit quis debitis cumque voluptas",Adrianna_Howell@molly.io,467,voluptas unde perferendis ut eaque dicta,94,,
"facilis repellendus inventore aperiam corrupti saepe culpa velit
dolores sint ut
aut quis voluptates iure et a
neque harum quia similique sunt eum voluptatem a",Amiya.Morar@emma.tv,468,nam praesentium est ipsa libero aut,94,,
"dolor unde numquam distinctio
ducimus eum hic rerum non expedita
dolores et dignissimos rerum
perspiciatis et porro est minus",Destany@bailey.info,469,vel eum quia esse sapiente,94,,
"molestias incidunt eaque
numquam reprehenderit rerum ut ex ad
omnis porro maiores quaerat harum nihil non quasi ea
asperiores quisquam sunt fugiat eos natus iure adipisci",Katarina.Wolff@joel.io,470,deleniti vitae alias distinctio dignissimos ab accusantium pariatur dicta,94,,
"quia non dolor
corporis consectetur velit eos quis
incidunt ut eos nesciunt repellendus voluptas voluptate sint neque
doloribus est minima autem quis velit illo ea neque",Pearline@veda.ca,471,nihil ad debitis rerum optio est cumque sed voluptates,95,,
"et necessitatibus earum qui velit id explicabo harum optio
dolor dolores reprehenderit in
a itaque odit esse et et id
possimus est ut consequuntur velit autem iure ut",Belle.Braun@otis.name,472,aspernatur ex dolor optio,95,,
"quod corrupti eum quisquam rerum accusantium tempora
reprehenderit qui voluptate et sunt optio et
iusto nihil amet omnis labore cumque quo
saepe omnis aut quia consectetur",Eliane@libby.net,473,quaerat et excepturi autem animi fuga,95,,
"tempora sint qui iste itaque non neque qui suscipit
enim quas rerum totam impedit
esse nulla praesentium natus explicabo doloremque atque maxime
mollitia impedit dolorem occaecati officia in provident eos",Trey.Harber@christop.biz,474,natus consequatur deleniti ipsum delectus,95,,
"ut in nostrum
ut et incidunt et minus nulla perferendis libero delectus
nulla nemo deleniti
deleniti facere autem vero velit non molestiae assumenda",Kailyn@ivory.info,475,cumque consequuntur excepturi consequatur consequatur est,95,,
"officia quas aut culpa eum
eaque quia rem unde ea quae reiciendis omnis
excepturi nemo est vel sequi accusantium tenetur at earum
et rerum quisquam temporibus cupiditate",Amely.Kunde@rodrigo.co.uk,476,quia hic adipisci modi fuga aperiam,96,,
"nulla veniam quo consequuntur ullam
autem nisi error aut facere distinctio rerum quia tempore
velit distinctio occaecati ducimus
ratione similique doloribus",Thaddeus.Halvorson@ruthe.ca,477,ut occaecati non,96,,
"non similique illo
quia et rem placeat reprehenderit voluptas
velit officiis fugit blanditiis nihil
ab deserunt ullam",Hannah@emma.ca,478,quo error dignissimos numquam qui nam fugit voluptates et,96,,
"totam explicabo harum quam impedit sunt
doloremque consectetur id et minima eos incidunt quibusdam omnis
saepe maiores officiis eligendi alias sint est aut cumque
debitis cumque hic aut ut dolorum",Maryam.Mann@thelma.info,479,distinctio minima error aspernatur reiciendis inventore quo,96,,
"tenetur qui ut
architecto officiis voluptatem velit eos molestias incidunt eum dolorum
distinctio quam et
sequi consequatur nihil voluptates animi",Michel@keira.us,480,accusantium quo error repudiandae,96,,
"dignissimos nobis vitae corporis delectus eligendi et ut ut
amet laudantium neque
et quia cupiditate debitis aliquid
dolorem aspernatur libero aut autem quo et",Domenick@russell.ca,481,recusandae dolor similique autem saepe voluptate aut vel sit,97,,
"aliquid natus voluptas doloremque fugiat ratione adipisci
unde eum facilis enim omnis ipsum nobis nihil praesentium
ut blanditiis voluptatem veniam
tenetur fugit et distinctio aspernatur",Chanelle@samson.me,482,placeat eveniet sunt ut quis,97,,
"quos aut rerum nihil est et
dolores commodi voluptas voluptatem excepturi et
et expedita dignissimos atque aut reprehenderit
quis quo soluta",Hermann.Kunde@rosina.us,483,a ipsa nihil sed impedit,97,,
"vel libero quo sit vitae
id nesciunt ipsam non a aut enim itaque totam
illum est cupiditate sit
nam exercitationem magnam veniam",Olen@bryce.net,484,hic inventore sint aut,97,,
"soluta quia porro mollitia eos accusamus
voluptatem illo perferendis earum quia
quo sed ipsam in omnis cum earum tempore eos
voluptatem illum doloremque corporis ipsam facere",Lorenza.Carter@consuelo.ca,485,enim asperiores illum,97,,
"iste maxime et molestiae
qui aliquam doloremque earum beatae repellat
in aut eum libero eos itaque pariatur exercitationem
vel quam non",Lamont@georgiana.biz,486,et aut qui eaque porro quo quis velit rerum,98,,
"sint delectus nesciunt ipsum et aliquid et libero
aut suscipit et molestiae nemo pariatur sequi
repudiandae ea placeat neque quas eveniet
mollitia quae laboriosam",Colin_Gutkowski@muriel.net,487,sunt omnis aliquam labore eveniet,98,,
"aut sunt recusandae laboriosam omnis asperiores et
nulla ipsum rerum quis doloremque rerum optio mollitia provident
sed iste aut id
numquam repudiandae veritatis",Albert@johnny.biz,488,quo neque dolorem dolorum non incidunt,98,,
"et dolorem sit
reprehenderit sapiente occaecati iusto sit impedit nobis ut quia
maiores debitis pariatur nostrum et aut
assumenda error qui deserunt laborum quaerat et",Hilma.Kutch@ottilie.info,489,aut quia et corporis voluptas quisquam voluptatem,98,,
"minus nihil sunt dolor
ipsum a illum quis
quasi officiis cupiditate architecto sit consequatur ut
et sed quasi quam doloremque",Donnie@alfreda.biz,490,et eum provident maxime beatae minus et doloremque perspiciatis,98,,
"natus commodi debitis cum ex rerum alias quis
maxime fugiat fugit sapiente distinctio nostrum tempora
possimus quod vero itaque enim accusantium perferendis
fugit ut eum labore accusantium voluptas",Maxwell@adeline.me,491,eos enim odio,99,,
"iure deleniti aut consequatur necessitatibus
id atque voluptas mollitia
voluptates doloremque dolorem
repudiandae hic enim laboriosam consequatur velit minus",Amina@emmet.org,492,consequatur alias ab fuga tenetur maiores modi,99,,
"est eos doloremque autem
similique sint fuga atque voluptate est
minus tempore quia asperiores aliquam et corporis voluptatem
consequatur et eum illo aut qui molestiae et amet",Gilda@jacques.org,493,ut praesentium sit eos rerum tempora,99,,
"est illum quia alias ipsam minus
ut quod vero aut magni harum quis
ab minima voluptates nemo non sint quis
distinctio officia ea et maxime",Kadin@walter.io,494,molestias facere soluta mollitia totam dolorem commodi itaque,99,,
"pariatur occaecati ea autem at quis et dolorem similique
pariatur ipsa hic et saepe itaque cumque repellendus vel
et quibusdam qui aut nemo et illo
qui non quod officiis aspernatur qui optio",Alice_Considine@daren.com,495,dolor ut ut aut molestiae esse et tempora numquam,99,,
"neque unde voluptatem iure
odio excepturi ipsam ad id
ipsa sed expedita error quam
voluptatem tempora necessitatibus suscipit culpa veniam porro iste vel",Zola@lizzie.com,496,et occaecati asperiores quas voluptas ipsam nostrum,100,,
"non dolor consequatur
laboriosam ut deserunt autem odit
libero dolore non nesciunt qui
aut est consequatur quo dolorem",Dolly@mandy.co.uk,497,doloribus dolores ut dolores occaecati,100,,
"aliquam pariatur suscipit fugiat eos sunt
optio voluptatem eveniet rerum dignissimos
quia aut beatae
modi consequatur qui rerum sint veritatis deserunt est",Davion@eldora.net,498,dolores minus aut libero,100,,
"et necessitatibus tempora ipsum quaerat inventore est quasi quidem
ea repudiandae laborum omnis ab reprehenderit ut
ratione sit numquam culpa a rem
atque aut et",Wilburn_Labadie@araceli.name,499,excepturi sunt cum a et rerum quo voluptatibus quia,100,,
"perspiciatis quis doloremque
veniam nisi eos velit sed
id totam inventore voluptatem laborum et eveniet
aut aut aut maxime quia temporibus ut omnis",Emma@joanny.ca,500,ex eaque eum natus,100,,
,,1,,,quidem molestiae enim,1
,,2,,,sunt qui excepturi placeat culpa,1
,,3,,,omnis laborum odio,1
,,4,,,non esse culpa molestiae omnis sed optio,1
,,5,,,eaque aut omnis a,1
,,6,,,natus impedit quibusdam illo est,1
,,7,,,quibusdam autem aliquid et et quia,1
,,8,,,qui fuga est a eum,1
,,9,,,saepe unde necessitatibus rem,1
,,10,,,distinctio laborum qui,1
,,11,,,quam nostrum impedit mollitia quod et dolor,2
,,12,,,consequatur autem doloribus natus consectetur,2
,,13,,,ab rerum non rerum consequatur ut ea unde,2
,,14,,,ducimus molestias eos animi atque nihil,2
,,15,,,ut pariatur rerum ipsum natus repellendus praesentium,2
,,16,,,voluptatem aut maxime inventore autem magnam atque repellat,2
,,17,,,aut minima voluptatem ut velit,2
,,18,,,nesciunt quia et doloremque,2
,,19,,,velit pariatur quaerat similique libero omnis quia,2
,,20,,,voluptas rerum iure ut enim,2
,,21,,,repudiandae voluptatem optio est consequatur rem in temporibus et,3
,,22,,,et rem non provident vel ut,3
,,23,,,incidunt quisquam hic adipisci sequi,3
,,24,,,dolores ut et facere placeat,3
,,25,,,vero maxime id possimus sunt neque et consequatur,3
,,26,,,quibusdam saepe ipsa vel harum,3
,,27,,,id non nostrum expedita,3
,,28,,,omnis neque exercitationem sed dolor atque maxime aut cum,3
,,29,,,inventore ut quasi magnam itaque est fugit,3
,,30,,,tempora assumenda et similique odit distinctio error,3
,,31,,,adipisci laborum fuga laboriosam,4
,,32,,,reiciendis dolores a ut qui debitis non quo labore,4
,,33,,,iste eos nostrum,4
,,34,,,cumque voluptatibus rerum architecto blanditiis,4
,,35,,,et impedit nisi quae magni necessitatibus sed aut pariatur,4
,,36,,,nihil cupiditate voluptate neque,4
,,37,,,est placeat dicta ut nisi rerum iste,4
,,38,,,unde a sequi id,4
,,39,,,ratione porro illum labore eum aperiam sed,4
,,40,,,voluptas neque et sint aut quo odit,4
,,41,,,ea voluptates maiores eos accusantium officiis tempore mollitia consequatur,5
,,42,,,tenetur explicabo ea,5
,,43,,,aperiam doloremque nihil,5
,,44,,,sapiente cum numquam officia consequatur vel natus quos suscipit,5
,,45,,,tenetur quos ea unde est enim corrupti qui,5
,,46,,,molestiae voluptate non,5
,,47,,,temporibus molestiae aut,5
,,48,,,modi consequatur culpa aut quam soluta alias perspiciatis laudantium,5
,,49,,,ut aut vero repudiandae voluptas ullam voluptas at consequatur,5
,,50,,,sed qui sed quas sit ducimus dolor,5
,,51,,,odit laboriosam sint quia cupiditate animi quis,6
,,52,,,necessitatibus quas et sunt at voluptatem,6
,,53,,,est vel sequi voluptatem nemo quam molestiae modi enim,6
,,54,,,aut non illo amet perferendis,6
,,55,,,qui culpa itaque omnis in nesciunt architecto error,6
,,56,,,omnis qui maiores tempora officiis omnis rerum sed repellat,6
,,57,,,libero excepturi voluptatem est architecto quae voluptatum officia tempora,6
,,58,,,nulla illo consequatur aspernatur veritatis aut error delectus et,6
,,59,,,eligendi similique provident nihil,6
,,60,,,omnis mollitia sunt aliquid eum consequatur fugit minus laudantium,6
,,61,,,delectus iusto et,7
,,62,,,eos ea non recusandae iste ut quasi,7
,,63,,,velit est quam,7
,,64,,,autem voluptatem amet iure quae,7
,,65,,,voluptates delectus iure iste qui,7
,,66,,,velit sed quia dolor dolores delectus,7
,,67,,,ad voluptas nostrum et nihil,7
,,68,,,qui quasi nihil aut voluptatum sit dolore minima,7
,,69,,,qui aut est,7
,,70,,,et deleniti unde,7
,,71,,,et vel corporis,8
,,72,,,unde exercitationem ut,8
,,73,,,quos omnis officia,8
,,74,,,quia est eius vitae dolor,8
,,75,,,aut quia expedita non,8
,,76,,,dolorem magnam facere itaque ut reprehenderit tenetur corrupti,8
,,77,,,cupiditate sapiente maiores iusto ducimus cum excepturi veritatis quia,8
,,78,,,est minima eius possimus ea ratione velit et,8
,,79,,,ipsa quae voluptas natus ut suscipit soluta quia quidem,8
,,80,,,id nihil reprehenderit,8
,,81,,,quibusdam sapiente et,9
,,82,,,recusandae consequatur vel amet unde,9
,,83,,,aperiam odio fugiat,9
,,84,,,est et at eos expedita,9
,,85,,,qui voluptatem consequatur aut ab quis temporibus praesentium,9
,,86,,,eligendi mollitia alias aspernatur vel ut iusto,9
,,87,,,aut aut architecto,9
,,88,,,quas perspiciatis optio,9
,,89,,,sit optio id voluptatem est eum et,9
,,90,,,est vel dignissimos,9
,,91,,,repellendus praesentium debitis officiis,10
,,92,,,incidunt et et eligendi assumenda soluta quia recusandae,10
,,93,,,nisi qui dolores perspiciatis,10
,,94,,,quisquam a dolores et earum vitae,10
,,95,,,consectetur vel rerum qui aperiam modi eos aspernatur ipsa,10
,,96,,,unde et ut molestiae est molestias voluptatem sint,10
,,97,,,est quod aut,10
,,98,,,omnis quia possimus nesciunt deleniti assumenda sed autem,10
,,99,,,consectetur ut id impedit dolores sit ad ex aut,10
,,100,,,enim repellat iste,10
